comments,label,Related With Race,Sentiment
"不如打车
",-1,0,-1.0
"公司没车~
",-1,0,-1.0
"《优秀的基因》
",-1,0,-1.0
"那不是榴莲吗什么头巾
",-1,0,-1.0
"广州
",-1,0,-1.0
"已经开始笑了
",-1,0,-1.0
"暗力
",-1,0,-1.0
"该，舒服，哎~
",-1,0,-1.0
"白人做的对
",1,1,0.0
"黑人还是挺善良的，只是个别比较那个
",2,1,0.0
"裁判不专业，这才哪到哪，就喊停
",-1,0,-1.0
"哇，南京大学
",-1,0,-1.0
"5
",-1,0,-1.0
"请加大力度
",-1,0,-1.0
"怎么还有个蜡像
",-1,0,-1.0
"血压飙升
",-1,0,-1.0
"小林贯彻一夫一妻制了（doge）
",-1,0,-1.0
"黑人肌肉线条确实漂亮
",2,1,0.0
"因为不想回去
",1,1,0.0
"光宗耀祖​
",0,1,1.0
"串串
",-1,0,-1.0
"卧槽哈哈哈
",-1,0,-1.0
"新鲜芒果便宜，谁吃干
",-1,0,-1.0
"急了就输了，给自己找个台阶下
",-1,0,-1.0
"这人是马化腾？
",-1,0,-1.0
"我觉得幼杀很给这人面子哈哈哈
",-1,0,-1.0
"哈哈哈哈哈
",-1,0,-1.0
"哈哈哈哈哈
",-1,0,-1.0
"女主换成中国人就可以了
",1,1,0.0
"提款成功
",-1,0,-1.0
"感觉自己好白
",0,1,1.0
"乳法者必死
",-1,0,-1.0
"美国黑人和非洲黑人是不一样的
",1,1,0.0
"油和盐都拿了……醉了
",-1,0,-1.0
"致敬
",-1,0,-1.0
"？？？？？？？
",-1,0,-1.0
"迪士尼应该反思
",-1,0,-1.0
"动物配得上人类？
",0,1,1.0
"他们慕白好吗？
",0,1,1.0
"不要，保持基因干净
",0,1,1.0
"流浪地球他们看不了，毕竟利己主义理解不了集体主义的观念
",0,1,1.0
"看过！
",-1,0,-1.0
"不可以不可以不可以
",-1,0,-1.0
"如果是在中国，店老板已经开始道歉了
",-1,0,-1.0
"俩玩意实属有点门当户对
",-1,0,-1.0
"我现在已经不生气
",-1,0,-1.0
"真贵
",-1,0,-1.0
"谢谢
",-1,0,-1.0
"不适
",0,1,1.0
"哈哈哈 笑死我了
",-1,0,-1.0
"李白我真是服了
",-1,0,-1.0
"重新定义《能吃苦！》
",-1,0,-1.0
"一群暴风兵
",-1,0,-1.0
"不喜欢
",-1,0,-1.0
"都好看
",-1,0,-1.0
"这种女的，不知道怎么说，脑子可以说没长
",0,1,1.0
"中国人喝白酒也是饭桌上吃菜喝酒，也不是直接拿起来就大口干杯
",1,1,0.0
"讨厌
",0,1,1.0
"还跟他聊个屁呀，直接走人嘛。
",-1,0,-1.0
"不是的，这群黑人被长期挑选的
",1,1,0.0
"笑死，只有脸不一样，你没有中华的魂，我祖辈都在这片大地上生长
",0,1,1.0
"凯乐奇计划纯属造谣
",-1,0,-1.0
"欢迎NM
",0,1,1.0
"广式普通话= =
",1,1,0.0
"你想笑死老子 好继承老子的蚂蚁花呗吗
",-1,0,-1.0
"好好好
",-1,0,-1.0
"登登咚！
",-1,0,-1.0
"好
",-1,0,-1.0
"新概念音游
",-1,0,-1.0
"中国怎么什么JB话题都聊，学习管你P事？？？
",-1,0,-1.0
"这个导演编剧的父母就是黑人
",1,1,0.0
"拍的什么玩意
",0,1,1.0
"右边的五官好看
",-1,0,-1.0
"有一种看见蟑螂的恐惧
",0,1,1.0
"啊？？
",-1,0,-1.0
"迈尔斯多可爱啊，那大眼睛
",-1,0,-1.0
"李白
",-1,0,-1.0
"然而现实是社区这些对这个就没重视过
",-1,0,-1.0
"相信我，只会更糟
",-1,0,-1.0
"N0！
",-1,0,-1.0
"等以后被爆了就后悔了
",-1,0,-1.0
"然而现在被你们零元购抢的就剩7家
",0,1,1.0
"这个问题很蠢
",-1,0,-1.0
"电脑做错了什么，为什么孩子都爱上ta，电脑很无辜的好吗？
",-1,0,-1.0
"法国已经沦陷了
",-1,0,-1.0
"中国人不是以白为美吗？什么时候喜欢老黑了？
",0,1,1.0
"说的太好了！一点都没错！
",2,1,0.0
"哈哈哈
",-1,0,-1.0
"八块腹肌我真笑死，这个配音女自己喜欢吧
",-1,0,-1.0
"这么有钱住院？？？
",-1,0,-1.0
"Aber du bist doch anders als andere…das ist aber eine Tatsache 
",-1,0,-1.0
"遇到猛的秒怂
",-1,0,-1.0
"复读机
",-1,0,-1.0
"来了好好待着没意见，捣乱的滚回去
",1,1,0.0
"非洲拉歌还要跳舞
",1,1,0.0
"无语走了
",-1,0,-1.0
"不欢迎
",0,1,1.0
"唉
",-1,0,-1.0
"40s
",-1,0,-1.0
"医生对我做了什么？！！
",-1,0,-1.0
"这滞空
",-1,0,-1.0
"不透
",-1,0,-1.0
"6666666
",2,1,0.0
"不应该
",-1,0,-1.0
"5
",-1,0,-1.0
"没爹
",-1,0,-1.0
"凭什么小美人鱼不是黄种人 这是歧视
",0,1,1.0
"ooooooooooohhhhhhhh
",-1,0,-1.0
"死得其所
",-1,0,-1.0
"那说说他们有啥很NB的科学家
",0,1,1.0
"ppt？
",-1,0,-1.0
"非我族类，其心必异
",0,1,1.0
"四是四 十是十 十四是十四 四十是四十
",-1,0,-1.0
"no
",-1,0,-1.0
"这个造型帅到不行！
",2,1,0.0
"德国人
",-1,0,-1.0
"你从今天这件事上学到了什么
",-1,0,-1.0
"外国的全是好的，某些贱骨头喜欢呗
",0,1,1.0
"防毒面具 滤棉 消毒液 护目镜 子弹
",-1,0,-1.0
"繁衍生息
",-1,0,-1.0
"家这么多鬼畜干什么 画蛇添足就
",-1,0,-1.0
"是的，贴了优秀那肯定就是优秀了
",-1,0,-1.0
"有什么想不开的
",-1,0,-1.0
"牙真白
",2,1,0.0
"尼
",0,1,1.0
"不不不，就是中国人演，我也不行。
",1,1,0.0
"很形象
",-1,0,-1.0
"其实我不明白在海里泡着为什么会泡的这么黑？真的是清道夫吗
",-1,0,-1.0
"快嫁过去吧
",1,1,0.0
"会
",-1,0,-1.0
"比博燃
",-1,0,-1.0
"精锐
",-1,0,-1.0
"一下子就帮助非洲朋友进入了电气化时代
",1,1,0.0
"密码正确
",-1,0,-1.0
"贴这么近防 傻吧
",-1,0,-1.0
"no
",-1,0,-1.0
"这表演的啥
",-1,0,-1.0
"俺们这白的叫菜花，绿的叫西蓝花
",-1,0,-1.0
"CJ语音
",-1,0,-1.0
"好
",-1,0,-1.0
"你是哪门子的中国人？
",0,1,1.0
"狗尼日利亚
",0,1,1.0
"哈哈哈哈，比比又吃两次~主持人装逼随他去
",-1,0,-1.0
"屁老婆屁老婆
",-1,0,-1.0
"滚回去吧  不要祸害国人了
",0,1,1.0
"干得漂亮！！！
",-1,0,-1.0
"前面的小心被翻译到外网是上
",1,1,0.0
"猴子
",0,1,1.0
"woc
",-1,0,-1.0
"全脸也就眼睛好看一点。。
",-1,0,-1.0
"黑狗
",0,1,1.0
"济南加油
",-1,0,-1.0
"别说种族了，异地都排斥
",1,1,0.0
"哇
",-1,0,-1.0
"黑人污染了中国基因
",0,1,1.0
"真甜呀
",-1,0,-1.0
"昏招
",-1,0,-1.0
"哈哈哈哈，他怕狗
",-1,0,-1.0
"阔以
",-1,0,-1.0
"握草
",-1,0,-1.0
"nb
",-1,0,-1.0
"攻击你就对了
",0,1,1.0
"可怕，这么厉害
",-1,0,-1.0
"硬
",-1,0,-1.0
"芜湖～
",-1,0,-1.0
"NONONONO
",-1,0,-1.0
"来场运动剐了∈g
",-1,0,-1.0
"确实是他的
",-1,0,-1.0
"乐
",-1,0,-1.0
"赤裸裸的歧视啊
",1,1,0.0
"这仨人是队友
",-1,0,-1.0
"黑轨滚
",0,1,1.0
"神了，这教育不行，你觉得欧美是白痴，防非裔是有道理的
",0,1,1.0
"中国产品:有这种好事
",-1,0,-1.0
"播种机
",-1,0,-1.0
"去看看前几集，不带枪怎么保护自己
",-1,0,-1.0
"我觉得挺好的
",-1,0,-1.0
"滚
",0,1,1.0
"在美国直接可以见上帝了
",0,1,1.0
"黑哥们都傻眼了
",1,1,0.0
"老子一拳一个
",-1,0,-1.0
"感情纠纷
",-1,0,-1.0
"单身汉族
",-1,0,-1.0
"老乡
",-1,0,-1.0
"中国功夫
",1,1,0.0
"没错，就是歧视，怎么滴
",0,1,1.0
"床前明月光，疑是地上霜。举头望明月，低头思故乡。
",-1,0,-1.0
"非方不败
",1,1,0.0
"弟弟。。。，好帅
",-1,0,-1.0
"真是非洲来的 没见过世面
",0,1,1.0
"好
",-1,0,-1.0
"不要过来啊
",-1,0,-1.0
"非我族类其心必异
",0,1,1.0
"黑化
",1,1,0.0
"日本适合黑人
",1,1,0.0
"山大老鸨
",-1,0,-1.0
"kaikouh
",-1,0,-1.0
"emmm这
",-1,0,-1.0
"歌词大意了
",-1,0,-1.0
"6，这能一样嘛？什么混淆概念
",-1,0,-1.0
"冥场面
",-1,0,-1.0
"床前明月光 疑是地上
",-1,0,-1.0
"前面说脾气好的hhhh
",-1,0,-1.0
"些些有点浮夸
",-1,0,-1.0
"后面好多混血的
",1,1,0.0
"董哥帽子都扔了
",-1,0,-1.0
"迪士尼太贱
",-1,0,-1.0
"国际庄陆军学院
",-1,0,-1.0
"《思荆叶》
",-1,0,-1.0
"针可不能随便打
",-1,0,-1.0
"接受不了黑人没得法
",0,1,1.0
"他只是藏在我的思维里阻碍
",-1,0,-1.0
"东湖风景区
",-1,0,-1.0
"挺好的去了非洲没回来
",2,1,0.0
"布加迪却是最贵的跑车之一
",-1,0,-1.0
"y
",-1,0,-1.0
"我骑士
",0,1,1.0
"卖萌啊！多少钱一斤
",-1,0,-1.0
"苏联曾经也有
",-1,0,-1.0
"老广
",-1,0,-1.0
"好家伙
",-1,0,-1.0
"需要一个落榜美术生
",0,1,1.0
"我是不懂你们这些人，黑人惹你了？
",2,1,0.0
"印度小蜜蜂
",-1,0,-1.0
"都是老婆
",-1,0,-1.0
"打的好，马桶就该揍
",0,1,1.0
"好！！！
",-1,0,-1.0
"先帝创业未半而中道崩殂
",-1,0,-1.0
"柯南bgm
",-1,0,-1.0
"卧槽
",-1,0,-1.0
"朕的皇家翻译官呢？出来报道！（球球偌）
",-1,0,-1.0
"黑人挺好的呀我们学校里就有很多黑人
",2,1,0.0
"这一jo我必须三连
",-1,0,-1.0
"我也不喜欢竹竿
",-1,0,-1.0
"大快人心
",-1,0,-1.0
"我咋这么不喜欢呢，光宗耀祖的玩意
",0,1,1.0
"这老广说什么鸟语呢，说普通话
",-1,0,-1.0
"有钱有钱，但是她有孩子
",-1,0,-1.0
"字幕呢
",-1,0,-1.0
"5
",-1,0,-1.0
"有点过了
",-1,0,-1.0
"这么乱的电线确实不应该
",-1,0,-1.0
"密码正确
",-1,0,-1.0
"干的漂亮 
",-1,0,-1.0
"好
",-1,0,-1.0
"惠 
",-1,0,-1.0
"对  老子就种族主义  有问题么 嘿银就是低等牲畜
",0,1,1.0
"中国特色不让走
",-1,0,-1.0
"滤镜再加多一点，就成白人了
",1,1,0.0
"真的不知道有些人说中国人不团结怎么想的。
",1,1,0.0
"鼠来宝。。。。
",-1,0,-1.0
"一定要企新疆
",-1,0,-1.0
"yes
",-1,0,-1.0
"他母亲错在让黑人玩
",0,1,1.0
"这妞可以呀
",-1,0,-1.0
"你没长脚么？踹脑袋啊
",-1,0,-1.0
"油光发亮的
",-1,0,-1.0
"附录：情节设定里这个人是被卖的黑奴，后来自己攒钱赎身了
",1,1,0.0
"谁告诉你的。
",-1,0,-1.0
"五星级
",-1,0,-1.0
"吓都把他吓懵了
",-1,0,-1.0
"我赞成，我也要泡洋妞
",1,1,0.0
"不留种吗
",1,1,0.0
"这美颜，绝了
",-1,0,-1.0
"战忽局的
",-1,0,-1.0
"《它》
",-1,0,-1.0
"但肤色会影响一个人的品行
",0,1,1.0
"一半是黑桃，一半是懵懂无知
",-1,0,-1.0
"飞虎队，当年我看过哈哈哈
",-1,0,-1.0
"很轻松
",-1,0,-1.0
0,-1,0,-1.0
"？
",-1,0,-1.0
"是他们先说我们不好的
",-1,0,-1.0
"近你妈啊近
",-1,0,-1.0
"严查这2500万
",-1,0,-1.0
"法国国旗不是中间那个吗
",-1,0,-1.0
"对啊，剥蒜啊
",-1,0,-1.0
"我军不收有纹身的
",-1,0,-1.0
"大不大，粗不粗
",-1,0,-1.0
"法国就是前车之鉴
",-1,0,-1.0
"这标题 如果基普乔格来了該怎么说？
",-1,0,-1.0
"雄起！！！！！
",-1,0,-1.0
"近战法师刘海柱
",-1,0,-1.0
"durex……
",-1,0,-1.0
"作为一个北方人，我其实大部分都懂了
",-1,0,-1.0
"妹子你要学习GTA里面的
",-1,0,-1.0
"？？？漂亮？？？甜美？？？说真的要是换黑珍珠我倒可以接受呢
",-1,0,-1.0
"hhhhhh
",-1,0,-1.0
"天哪这个女孩好漂亮
",-1,0,-1.0
"很整齐啊
",-1,0,-1.0
"贱卖
",-1,0,-1.0
"麻风确实恐怖
",-1,0,-1.0
"尼玛滚蛋
",0,1,1.0
"哈哈哈哈哈哈哈哈
",-1,0,-1.0
"哈哈哈哈哈
",-1,0,-1.0
"只有小孩子才会做选择
",-1,0,-1.0
"2
",-1,0,-1.0
"八号笑死我了，不会是护目镜影响视野吧
",-1,0,-1.0
"高卢乌鸡
",0,1,1.0
"尼哥
",0,1,1.0
"为了魔方
",-1,0,-1.0
"活着的你哥不是好你哥
",-1,0,-1.0
"开口跪
",-1,0,-1.0
"来个弹幕
",-1,0,-1.0
"受虐狂
",-1,0,-1.0
"ohhhhhhhhhhhhh
",-1,0,-1.0
"金云浩是你吗
",-1,0,-1.0
"大姐你别晃，我脑壳昏！
",-1,0,-1.0
"非洲霉女
",0,1,1.0
"擦
",-1,0,-1.0
"西红柿弹出来了
",-1,0,-1.0
"1.25贼完美
",-1,0,-1.0
"你好 小可爱
",-1,0,-1.0
"逆天
",-1,0,-1.0
"哈哈哈哈
",-1,0,-1.0
"哈哈哈
",-1,0,-1.0
"年轻人不讲武德
",-1,0,-1.0
"这得打了多少医生的脸？
",-1,0,-1.0
"把你牛比的
",-1,0,-1.0
"这时候不讲尊重市场了吗
",-1,0,-1.0
"这个字幕真是可以了！
",-1,0,-1.0
"往死里打
",-1,0,-1.0
"完了，打了二等人
",-1,0,-1.0
"我不行了
",-1,0,-1.0
"哈哈哈哈哈哈哈哈哈哈字正腔圆
",-1,0,-1.0
"这个22的防守有点松吧？
",-1,0,-1.0
"是的，我就是歧视
",0,1,1.0
"密 码 正 确
",-1,0,-1.0
"合法合规的也不欢迎，融不进来就是融不进来
",0,1,1.0
"把单身狗骗进来杀
",-1,0,-1.0
"辣条，
",-1,0,-1.0
"我我爱买你吗卖麻花情
",-1,0,-1.0
"沙溢老师
",-1,0,-1.0
"没关系，看她原评论的的人知道order的意思
",-1,0,-1.0
"好没种
",-1,0,-1.0
"我们这里的香菜叫言希
",-1,0,-1.0
"5
",-1,0,-1.0
"中国的同化能力，你看他哪里还像个黑人。
",1,1,0.0
"老百姓不爱看哪个电影也被说，好霸道啊
",-1,0,-1.0
"说黑人不打女人的你是女人还是黑人？
",0,1,1.0
"？？？？
",-1,0,-1.0
"好！
",-1,0,-1.0
"非常赞同！
",-1,0,-1.0
"赞同
",-1,0,-1.0
"留学有奖学金的
",-1,0,-1.0
"本来抽卡脸就够黑了，再找非洲女朋友这不是没事找事吗
",0,1,1.0
" 看着累
",-1,0,-1.0
"直接做实验
",-1,0,-1.0
"太瘦了
",-1,0,-1.0
"蛮幸福的一家子
",-1,0,-1.0
"加纳本来就说英语啊..
",-1,0,-1.0
"我可不认可这种肤色
",0,1,1.0
"沈老师真的惨
",-1,0,-1.0
"fuuk off
",0,1,1.0
"白色是国人，黑色是个黑人
",1,1,0.0
"我天天在白云区坐地铁半个都没见过。。
",-1,0,-1.0
"不错了，还有人去看就该知足了
",-1,0,-1.0
"老色鬼
",-1,0,-1.0
"OooO
",-1,0,-1.0
"都是中国人，你这怎么说的？
",-1,0,-1.0
"比较高的意思是，相比较男性而言
",-1,0,-1.0
"对硬的头部软的掌法更有效，拳头适合打软肋
",-1,0,-1.0
"世苟
",-1,0,-1.0
"小朋友声音很好听啊～
",-1,0,-1.0
"牛逼
",-1,0,-1.0
"崔娃不是友军，他是两面派
",-1,0,-1.0
"更逆天
",-1,0,-1.0
"真就炎黒子孙呗
",0,1,1.0
"裁判这是怕他打不死啊
",-1,0,-1.0
"我怕得艾滋
",0,1,1.0
"毒奶口，会斯起来
",-1,0,-1.0
"想都不用想评论区在聊什么
",-1,0,-1.0
"总算看见个正常的老黑
",1,1,0.0
"打都不敢打，超锤子
",-1,0,-1.0
"种族天赋，无法超越
",1,1,0.0
"尾流
",-1,0,-1.0
"合法来的没意见，但大多都是偷渡来的
",0,1,1.0
"把美利坚抬了
",-1,0,-1.0
"爱nmp麻花情
",-1,0,-1.0
"《不太发达》
",-1,0,-1.0
"不是，你倒是来个画面啊，全靠编？
",-1,0,-1.0
"这种女人不值得同情
",0,1,1.0
"用拳头招呼啊，笨逼
",-1,0,-1.0
"老广不行啊
",-1,0,-1.0
"一次就好 我带你去看天荒地老
",-1,0,-1.0
"默
",0,1,1.0
"这个黑人不是很黑
",1,1,0.0
"外教
",-1,0,-1.0
"我素质很高，但我不说
",-1,0,-1.0
"艾滋有点多了
",0,1,1.0
"干得漂亮
",-1,0,-1.0
"一天一苹果，医生远离我
",-1,0,-1.0
"离我们远点
",0,1,1.0
"倒也不是，就是把人当正常人而已
",-1,0,-1.0
"6？
",-1,0,-1.0
"为了看第二名位置卡位，不回头才容易被超！
",-1,0,-1.0
"女性朋友吧
",-1,0,-1.0
"你晒多了
",-1,0,-1.0
"太吓人了，这什么东西呀？
",-1,0,-1.0
"华械师
",-1,0,-1.0
"准的一批
",-1,0,-1.0
"默
",0,1,1.0
"？？？
",-1,0,-1.0
"活该
",-1,0,-1.0
"有想法？
",-1,0,-1.0
"想屁吃
",-1,0,-1.0
"好有逻辑性
",-1,0,-1.0
"这就感动了？？？
",-1,0,-1.0
"无处安放的爱国心
",-1,0,-1.0
"好好好
",-1,0,-1.0
"瞧不起欧洲是吧
",-1,0,-1.0
"支持
",-1,0,-1.0
"选中国的你们怕是养不起
",-1,0,-1.0
"就是贼的意思
",-1,0,-1.0
"？？？？？？？？？？？？？？
",-1,0,-1.0
"这哥们是不是在日本乱搞拍视频，被揍得那个？
",-1,0,-1.0
"全体起立！
",-1,0,-1.0
"我都听不懂，估计老外更听不懂
",-1,0,-1.0
"“让他们活不下去”，你以为犯罪率是怎么提高的？NT是吗？
",-1,0,-1.0
"ohhhhhhhhh
",-1,0,-1.0
"嗓音很好听啊
",-1,0,-1.0
"为什么不拍下这女的，好让人避雷
",-1,0,-1.0
"主要是我们的文化里压根就不包含黑人啊
",0,1,1.0
"easy girl？
",-1,0,-1.0
"回来呗，现在中国开拳馆大概更赚钱
",-1,0,-1.0
"好好好
",-1,0,-1.0
"可以可以
",-1,0,-1.0
"硬气功和部落文化结合好顺滑
",-1,0,-1.0
"拳脚之间看得出来这位少侠应该师从青城派
",-1,0,-1.0
"小清道夫
",-1,0,-1.0
"你也可以试试出去是不是真不好拒绝
",-1,0,-1.0
"狂喊“西八”
",-1,0,-1.0
"哈哈哈哈
",-1,0,-1.0
"u1s1 我确实歧视了
",0,1,1.0
"真·文艺复兴
",-1,0,-1.0
"客观来说是，主观上它不配为人
",0,1,1.0
"爽
",-1,0,-1.0
"现在变黑了
",1,1,0.0
"满口脏话 来人 把链子栓好了 别让乱咬人
",0,1,1.0
"既然是在中国成长，他就是中国人
",2,1,0.0
"丑拒
",-1,0,-1.0
"什么黑人，那新生代广东人
",1,1,0.0
"？
",-1,0,-1.0
"看他表现
",-1,0,-1.0
"中国说唱歌手不应该找蔡依林马????
",-1,0,-1.0
"你嫁给黑人更快。
",1,1,0.0
"武汉话
",-1,0,-1.0
"万恶之源！！！！
",-1,0,-1.0
"差异最大就对了
",-1,0,-1.0
"大嘴巴子
",-1,0,-1.0
"装小仙女的
",-1,0,-1.0
"我去nm的
",-1,0,-1.0
"我就是歧视，怎么了
",0,1,1.0
"听我口令什么鬼？
",-1,0,-1.0
"安全个TAO
",-1,0,-1.0
"哈哈哈哈哈
",-1,0,-1.0
"求别来广州了，谢谢您嘞
",0,1,1.0
"呵呵，美国试试。
",-1,0,-1.0
"我不认同时代在改变
",-1,0,-1.0
"不是针对黑人，是针对当时所有来华的人
",1,1,0.0
"噫吁嚱，危乎高哉！蜀道之难，难于上青天！蚕丛及鱼凫，开国何茫然。尔来四万八千岁，不与秦塞通人烟。西当太白有鸟道，可以横绝峨眉巅。地崩山摧壮士死，然后天梯石栈相钩连。上有横河断海之浮云，下有冲波逆折之回
",-1,0,-1.0
"不应该
",-1,0,-1.0
"求偶
",-1,0,-1.0
"那是你不符合每一个人的审美观
",-1,0,-1.0
"肯定是因为爱情
",-1,0,-1.0
"好打
",-1,0,-1.0
"在美国不能看房租，有的房子特别便宜但没有人买
",-1,0,-1.0
"好
",-1,0,-1.0
"这。。。
",-1,0,-1.0
"mdzz谁拍的……
",-1,0,-1.0
"我才
",-1,0,-1.0
"这是
",-1,0,-1.0
"和黑不黑没关系
",2,1,0.0
"嘿，伙计，你自行车丢了也不用怕，他们会在你吃掉第三个甜甜圈之前帮你找到！
",-1,0,-1.0
"看见没，这俩蒙了
",-1,0,-1.0
"胡桃表示很淦
",-1,0,-1.0
"不是自己国家民族人拿到的成绩那有什么意义呢？
",-1,0,-1.0
"你管这个叫抗议？
",-1,0,-1.0
"美美与共，天下大同
",-1,0,-1.0
"哈哈哈哈哈哈哈哈哈哈哈哈
",-1,0,-1.0
"不感觉这样的人行为很奇怪吗，和神经病一样
",-1,0,-1.0
"警惕
",-1,0,-1.0
"刚喝过
",-1,0,-1.0
"？？？
",-1,0,-1.0
"杀了啊
",-1,0,-1.0
"大快人心
",-1,0,-1.0
"哦，my，法克鱿，莫名听懂
",-1,0,-1.0
"你也知道，你不是中国人
",0,1,1.0
"千万别再去祸害老实人了​
",-1,0,-1.0
"刚刚
",-1,0,-1.0
"英  雄  相  惜
",-1,0,-1.0
"对不起，我有
",-1,0,-1.0
"冲突是有必要的
",-1,0,-1.0
"艾的味道
",0,1,1.0
"好
",-1,0,-1.0
"怪没礼貌的
",-1,0,-1.0
"看到真好  亲切
",-1,0,-1.0
"哲学？？
",-1,0,-1.0
"这不是大牛吗？
",-1,0,-1.0
"声音像吴亦凡
",-1,0,-1.0
"中非皇帝
",1,1,0.0
"不应该
",-1,0,-1.0
"弄死算了
",-1,0,-1.0
"小时候很可爱啊
",-1,0,-1.0
"拍这个视频的人啥心态，笑的这么恶心
",-1,0,-1.0
"男主持人我可以，相貌端正，声音浑厚。
",-1,0,-1.0
"太好辣
",-1,0,-1.0
"？？？？？？？？？？？？
",-1,0,-1.0
"《荒野大飙客之抗日时代》
",-1,0,-1.0
"那是不是也可以说黑人抢了亚裔在NBA位子？……无语=_=
",1,1,0.0
"简而言之，卷起来了
",-1,0,-1.0
"有福气
",-1,0,-1.0
"？什么操作
",-1,0,-1.0
"《敲桌伴奏》
",-1,0,-1.0
"逗比弹幕。极真会（空手道流派）人胸口写着呢
",-1,0,-1.0
"这一段确实好听
",-1,0,-1.0
"便宜？？？开玩笑？能便宜一二百也叫便宜？？
",-1,0,-1.0
"潘金莲
",-1,0,-1.0
"不喜欢开放移民就是种族歧视？
",1,1,0.0
"几年前就说50万了！
",-1,0,-1.0
"相关，具体有什么
",-1,0,-1.0
"他们怎么么结婚
",-1,0,-1.0
"整西伯利亚去开发
",-1,0,-1.0
"让他们滚啊
",0,1,1.0
"黑人头发是天然卷的但很硬，波浪卷应该是种专用护发产品吧
",1,1,0.0
"黑狗
",0,1,1.0
"病夫美国
",-1,0,-1.0
"  发弹幕的呢些人说话注意点
",-1,0,-1.0
"等等我们中国人天朝大国为什么要下嫁到一个小国
",0,1,1.0
"墨西哥裔？
",-1,0,-1.0
"233333
",-1,0,-1.0
"这是我的国家不是你的国家
",0,1,1.0
"小伙学艺不精呀，这么久都没有撂倒，回家好好练练
",-1,0,-1.0
"主要山东人玩命啊
",-1,0,-1.0
"再说是广东吧
",-1,0,-1.0
"哈哈哈
",-1,0,-1.0
"也许会，但单纯因为这个进电影院还是太无聊了
",-1,0,-1.0
"广东人
",-1,0,-1.0
"美国才是起源我们一直相信
",-1,0,-1.0
"进宫不会验身吗
",-1,0,-1.0
"骑士
",0,1,1.0
"呸
",-1,0,-1.0
"？？？？？？？？？？？
",-1,0,-1.0
"椢家不管那就没错！吊们歇歇吧
",-1,0,-1.0
"可以是可以，面试可能。。过不了
",-1,0,-1.0
"配合你演出的我
",-1,0,-1.0
"为什么我这边就是有一块钱的水。。
",-1,0,-1.0
"滚
",-1,0,-1.0
"（识吾识讲白话？）
",-1,0,-1.0
"本地人
",-1,0,-1.0
"答辩
",-1,0,-1.0
"你少林有我电次的踢蛋打法强[doge]
",-1,0,-1.0
"主要easy girl 太多了
",-1,0,-1.0
"算
",-1,0,-1.0
"这就漂亮了，塌鼻梁，大鼻子哪里好看了
",-1,0,-1.0
"外地人没什么，但是我很讨厌素质低的人
",-1,0,-1.0
"大爱无国界
",-1,0,-1.0
"一拖答辩
",-1,0,-1.0
"听着有点像米拉奇战记的主题曲
",-1,0,-1.0
"非我族内，其心必易
",0,1,1.0
"刘的节奏绝了
",-1,0,-1.0
"可爱？哈哈up也不是什么好鸟
",-1,0,-1.0
"因为低端中餐馆几乎每个菜都有西兰花
",-1,0,-1.0
"快进到猩球崛起
",-1,0,-1.0
"都舔啥呢……
",-1,0,-1.0
"种地啊
",-1,0,-1.0
"发动了技能 胜利的鼓励:
",-1,0,-1.0
"黑人就是人类中畜牲
",0,1,1.0
"好有意境的……斗殴
",0,1,1.0
"呵呵~~~~
",-1,0,-1.0
"他嘴唇
",-1,0,-1.0
"这很值得骄傲吗？
",-1,0,-1.0
"恶心
",-1,0,-1.0
"我认为，体内基因超过30%不是中国人就不是中国人，哪怕你在认同
",0,1,1.0
"卧槽 中文挺6
",2,1,0.0
"现在是在哪儿？在美国吗？
",-1,0,-1.0
"细心
",-1,0,-1.0
"在说话他们就做不完了
",-1,0,-1.0
"这个结果非常好
",-1,0,-1.0
"我们要警惕被黑化
",0,1,1.0
"法国确实是黑人的
",0,1,1.0
"中国大叔常规
",-1,0,-1.0
"弗洛伊德在此之前持枪入室抢劫
",1,1,0.0
"人行道护栏是杭州的
",-1,0,-1.0
"←不是吧不是吧还搁这歧视呢 人又没做错什么
",2,1,0.0
"漂亮
",-1,0,-1.0
"人类迷惑行为
",-1,0,-1.0
"计划生育那个劲呢？
",-1,0,-1.0
"二十年后中国春晚
",-1,0,-1.0
"好好好
",-1,0,-1.0
"看看人家
",-1,0,-1.0
"你不是吗
",-1,0,-1.0
"广州man争气点啊
",-1,0,-1.0
"看来还有余力
",-1,0,-1.0
"营销号？踩一脚告辞。
",-1,0,-1.0
"报警啊！
",-1,0,-1.0
"你还别说，好像是哎。
",-1,0,-1.0
"《美女》
",-1,0,-1.0
"在中国，中国人是最低等的 
",0,1,1.0
"漂亮
",-1,0,-1.0
"太长了
",-1,0,-1.0
"这是枪哟……
",-1,0,-1.0
"加拿大这边也是 你要戴了人家反而觉得你有病……
",-1,0,-1.0
"hhhh
",-1,0,-1.0
"别，别来祖国，这里是印度
",-1,0,-1.0
"有，我就是
",-1,0,-1.0
"你个非洲人英语不好。。
",0,1,1.0
"芜湖组合
",-1,0,-1.0
"好！
",-1,0,-1.0
"放屁主要美国和苏联不希望一个大国游离于组织之外
",-1,0,-1.0
"不会
",-1,0,-1.0
"就应该把这种人赶出去
",-1,0,-1.0
"这位老哥 口味可以啊！
",-1,0,-1.0
"那是直升机的风
",-1,0,-1.0
"一堆懒老黑想寄生中国
",0,1,1.0
"清空弹匣
",0,1,1.0
"这还用偷偷做鉴定？！
",-1,0,-1.0
"浪姐
",-1,0,-1.0
"这个很坑，租借的差不多就拿备用的塞满，让人没地方还，不得不买下
",-1,0,-1.0
"这还用鉴定
",-1,0,-1.0
"这个黑人女孩好看
",2,1,0.0
"就不喜欢，咋地了
",-1,0,-1.0
"撕……吃的不怎么贵但药倒是挺贵的……这…
",-1,0,-1.0
"请问你做过社会调查吗？这概率自己想出来的吧
",-1,0,-1.0
"坐驴车去的啊
",-1,0,-1.0
"？？？
",-1,0,-1.0
"不 这是阻碍进步 并不好
",-1,0,-1.0
"假的吧
",-1,0,-1.0
"好骂
",-1,0,-1.0
"滚吧
",0,1,1.0
"祝福！
",-1,0,-1.0
"黑人99%不是好东西
",0,1,1.0
"热血无赖
",-1,0,-1.0
"哈哈哈哈哈66666
",-1,0,-1.0
"我喜欢的类型
",-1,0,-1.0
"好赛博的屏幕啊！
",-1,0,-1.0
"都想？？？还基因不错？？？？？
",-1,0,-1.0
"黑人会老家有老婆，比中国男孩会大胆追求甜言蜜语骗钱，黑人那口音还学外语，还偷生黑娃，
",0,1,1.0
"不好意思，就是歧视怎么了？
",0,1,1.0
"活该
",-1,0,-1.0
"希望大家不要只是简单的玩梗，要做到真正的歧视​
",0,1,1.0
"笑死我了哈哈哈
",-1,0,-1.0
"光宗耀祖
",0,1,1.0
"两包辣条啊亲
",-1,0,-1.0
"我是文科
",-1,0,-1.0
"那个花木兰纯粹西方刻板印象
",-1,0,-1.0
"往死了打！
",-1,0,-1.0
"饭可以不吃，狼不能不战
",-1,0,-1.0
"哈哈哈哈哈哈哈哈
",-1,0,-1.0
"啥都想嫁？！扯泥马蛋！
",0,1,1.0
"流在骨子里的血
",-1,0,-1.0
"假得很 
",-1,0,-1.0
"黑人大哥挺讲究的
",2,1,0.0
"没试过
",-1,0,-1.0
"中国大妈不理你，黑人出来捣乱
",0,1,1.0
"5
",-1,0,-1.0
"因为小马云看多了？
",-1,0,-1.0
"小安康鱼 小清道夫 小罗非 whatever！
",-1,0,-1.0
"不悲哀，大香蕉还是很让她舒服的
",0,1,1.0
"老汉推车  黑虎掏心   龙卷风摧毁停车场
",-1,0,-1.0
"nbnb 恩惠 nmd这话说的好厉害啊   什么贡献看不到
",-1,0,-1.0
"就会说挺好的
",-1,0,-1.0
"非常好ri
",-1,0,-1.0
"汉族的定义是什么？
",1,1,0.0
"刚从黑人天天带不同的中国女生回家的视频过来，中国女生好棒棒
",0,1,1.0
"应该是埃塞俄比亚人！混血黑
",1,1,0.0
"知道
",-1,0,-1.0
"不可以
",-1,0,-1.0
"魔方
",-1,0,-1.0
"吐了
",0,1,1.0
"广东靓仔
",-1,0,-1.0
"那应该是相当不错的了
",-1,0,-1.0
"加油哦！
",-1,0,-1.0
"鹌鹑蛋
",-1,0,-1.0
"很值得炫耀吗？
",-1,0,-1.0
"。。这随时随地有枪是咋回事
",-1,0,-1.0
"sg
",-1,0,-1.0
"中国队长
",-1,0,-1.0
"im gonna order a
",-1,0,-1.0
"被迫没偏见
",-1,0,-1.0
"猴子
",0,1,1.0
"easy
",-1,0,-1.0
"这不是杜兰特吗？
",-1,0,-1.0
"什么不转不是中国人
",-1,0,-1.0
"不至于
",-1,0,-1.0
"扣帽子有一手
",-1,0,-1.0
"本来要出口的，现在准备转内销了？
",-1,0,-1.0
"差距最大
",-1,0,-1.0
"永动机
",-1,0,-1.0
"缺乏唢呐
",-1,0,-1.0
"美女
",-1,0,-1.0
"好好好
",-1,0,-1.0
"中国没有西方的歧视... 别怼我，我在澳洲待了10多年，有资格
",1,1,0.0
"尊重ta人选择，放下同情心理
",-1,0,-1.0
"这不是吗破坏非洲大区游戏平衡
",1,1,0.0
"你挑着担
",-1,0,-1.0
"配字幕啊
",-1,0,-1.0
"我想起了曾小贤，我的月亮我的心
",-1,0,-1.0
"233
",-1,0,-1.0
"谁买我笑话他一辈子
",-1,0,-1.0
"印度美食
",-1,0,-1.0
"爹跑了
",-1,0,-1.0
"香蕉君没有迟到
",-1,0,-1.0
"你没出过事当然说不危险了
",-1,0,-1.0
"怎么感觉打空了，打的头上方都没挨着
",-1,0,-1.0
"不用计划生育
",-1,0,-1.0
"澳洲
",-1,0,-1.0
"重映小美人鱼动画版都比这真人版票房高
",-1,0,-1.0
"沈老师和醉人这一段是真的炸
",-1,0,-1.0
"高端人才嘛
",-1,0,-1.0
"你要干什么啊
",-1,0,-1.0
"哈哈哈都一样
",-1,0,-1.0
"清道夫有啥好看的吧
",-1,0,-1.0
"团结就是你娘！
",-1,0,-1.0
"你们缺德事儿再多干点，我们也会恨了
",-1,0,-1.0
"？？？？
",-1,0,-1.0
"专辑八人
",-1,0,-1.0
"好恐怖
",-1,0,-1.0
"还真是
",-1,0,-1.0
"哈哈哈哈后面啥眼神啊
",-1,0,-1.0
"他们自己人也没得认同感啊
",-1,0,-1.0
"名场面
",-1,0,-1.0
"双下巴警告
",-1,0,-1.0
"看上去不是山东人就是广东人
",-1,0,-1.0
"漂亮！
",-1,0,-1.0
"好！
",-1,0,-1.0
"我这土豆5毛一斤
",-1,0,-1.0
"我测，这么早就开始尝试方言说唱了！
",-1,0,-1.0
"yes,you are right
",-1,0,-1.0
"贱得慌
",0,1,1.0
"弹幕怎么一股酸味
",-1,0,-1.0
"扫射
",-1,0,-1.0
"原来还多分布在南方，现在已经有大举进军北方的态势了
",1,1,0.0
"哈哈哈哈
",-1,0,-1.0
"666
",-1,0,-1.0
"扎根就杀
",0,1,1.0
"8号被慌得惨啊！
",-1,0,-1.0
"黑人基因虽然很强大，但是也特别容易被同化，毕竟咱们以前也都是那么黑啊！
",1,1,0.0
"金属礼是手心朝外，不懂别装逼
",-1,0,-1.0
"多买点罩
",-1,0,-1.0
"大气啊，朋友，哈哈哈哈哈
",-1,0,-1.0
"你最好长的不要太黑
",0,1,1.0
"瞎编，抗日神剧没跑了
",-1,0,-1.0
"漂亮
",-1,0,-1.0
"中国人在别人家领土上确实是弱势群体
",-1,0,-1.0
"吐了吐了
",-1,0,-1.0
"他应该庆幸这不是美国，否则直接击毙
",0,1,1.0
"所谓黑珍珠美人就是这样的吧
",2,1,0.0
"尼好
",0,1,1.0
"鞋不对啊
",-1,0,-1.0
"你们自己选的好嘛，
",-1,0,-1.0
"歧视那些游手好闲，好吃懒做的黑人
",1,1,0.0
"这个普通发还算hin飘准的嘛
",-1,0,-1.0
"不，全世界都歧视他们
",0,1,1.0
"好好好好好好好好好好好好好好好
",-1,0,-1.0
"耐踹NB
",-1,0,-1.0
"骄傲，跪在地上
",-1,0,-1.0
"驴头不对马尾
",-1,0,-1.0
"就骑士辣，你能咋滴？！
",0,1,1.0
"本来就是傻币营销号骗流量 可以举报么 去民政局一查就知道这傻狗在造谣
",-1,0,-1.0
"嘎嘎嘎嘎
",-1,0,-1.0
"他是不配当中国人
",0,1,1.0
"免费搞谁拒绝？
",-1,0,-1.0
"安慰
",-1,0,-1.0
"物价太高了
",-1,0,-1.0
"yue
",-1,0,-1.0
"南非在80年代末就基本是发达国家了
",2,1,0.0
"增热度
",-1,0,-1.0
"怎么测出来的，拿了郑和船员的dna？
",-1,0,-1.0
"我发小比他黑真的
",1,1,0.0
"黑人小哥不开心
",1,1,0.0
"中文太差，无法准确沟通~~
",-1,0,-1.0
"人类走出非洲
",1,1,0.0
"左下角和魔道祖师无关，请魔道粉滚出去
",-1,0,-1.0
"摩尔人
",-1,0,-1.0
"白头巾是定位仪
",-1,0,-1.0
"6666
",-1,0,-1.0
"铁轨心里柠檬派
",-1,0,-1.0
"这个还可以啊
",-1,0,-1.0
"上去一套军体拳
",-1,0,-1.0
"这个梅丽号……我……救……把这个烧了吧
",-1,0,-1.0
"好听好听好听呀
",-1,0,-1.0
"这大哥喝多了
",-1,0,-1.0
"网上就看过上百个
",-1,0,-1.0
"大呗
",-1,0,-1.0
"接 化 发
",-1,0,-1.0
"算？你是谁？
",-1,0,-1.0
"好抖
",-1,0,-1.0
"这种就应该团结起来打回去 不然永远被看不起 
",1,1,0.0
"有大自然的声音
",-1,0,-1.0
"这里教大家一个好东西，就是一个正蹬力道很大的如果你要干人的话，可以放心用
",-1,0,-1.0
"至少是阴阳互补
",-1,0,-1.0
"应该谈一谈为什么中国女生会嫁给黑人
",1,1,0.0
"广州第一
",-1,0,-1.0
"这种人在哪都是laj 啊
",0,1,1.0
"汉奸
",0,1,1.0
"疟疾艾滋都是挺严重的
",0,1,1.0
"笑了
",-1,0,-1.0
"国际主义者
",2,1,0.0
"奥兰多啊..为什么要来中国这种发展中国家..
",-1,0,-1.0
"其实欧洲投票率比非洲高
",-1,0,-1.0
"滚
",0,1,1.0
"这我小学同学哈哈哈哈哈哈
",-1,0,-1.0
"哈哈哈哈
",-1,0,-1.0
"黑混学习倒数，学校小朋友歧视
",0,1,1.0
"无所谓，跟我无关，过完自己一生就完事了 
",-1,0,-1.0
"杂修，王之财宝
",-1,0,-1.0
"赵勇
",-1,0,-1.0
"家暴只针对国男捏
",1,1,0.0
"缓缓的打出一个？
",-1,0,-1.0
"国产巨作满江红，你们西方没有吧，只有羡慕我们的份
",-1,0,-1.0
"一个棒棒糖和两包辣条。。。。
",-1,0,-1.0
"怎么又是你？快说你到底是谁!
",-1,0,-1.0
"我的评价是摆拍
",-1,0,-1.0
"花椰菜在美国有点贵，贫民区菜市场很难见到，但中餐馆有
",-1,0,-1.0
"这老外没get到笑点
",-1,0,-1.0
"这是切磋
",-1,0,-1.0
"这原来是真的
",-1,0,-1.0
"耳机党阵亡
",-1,0,-1.0
"一人上班全家不饿
",-1,0,-1.0
"我觉得偏见是有的，但是不用把罪安在种族头上。平和友善对待他人总是好的
",2,1,0.0
"66
",-1,0,-1.0
"看看评论区，真可怕
",-1,0,-1.0
"半个北京城的人都打过大张伟
",-1,0,-1.0
"吐了
",0,1,1.0
"吊tmd
",-1,0,-1.0
"卧槽
",-1,0,-1.0
"5
",-1,0,-1.0
"回家吃饭吗宝贝儿？
",-1,0,-1.0
"好
",-1,0,-1.0
"上得了天堂吗
",-1,0,-1.0
"夏季白天比晚上长，建议废掉夏季
",-1,0,-1.0
"Durags 不是durex…
",-1,0,-1.0
"那该死哦
",-1,0,-1.0
"别回头了，太浪费力气
",-1,0,-1.0
"然而我喜欢左边的
",-1,0,-1.0
"他之前就是持枪入室抢劫的罪犯
",0,1,1.0
"这历史像是没学的一样
",-1,0,-1.0
"一切还得从一个黑人说起……
",1,1,0.0
"所以你回去建设非洲我们会很赞成
",0,1,1.0
"真的除了皮肤黑点 看不出来
",1,1,0.0
"我觉得非洲小朋友挺可爱的啊，一看就让人莫名心疼
",2,1,0.0
"你不要过来啊
",-1,0,-1.0
"哈哈哈哈哈哈哈哈
",-1,0,-1.0
"可以会
",-1,0,-1.0
"假的吧。
",-1,0,-1.0
"黑人还知道理？
",0,1,1.0
"哈哈
",-1,0,-1.0
"哈哈哈哈这个超级下饭！
",-1,0,-1.0
"没有种族洁癖，迟早被淘汰，从国家来看，从世界生存来看，中国人与所有人竞争，
",0,1,1.0
"你绿卡呢？是合法公民吗？
",0,1,1.0
"广州爱情故事
",-1,0,-1.0
"豁豁我愣一下
",-1,0,-1.0
"我家住在平流层，这里一只蚊子都没有，该死的，我要缺氧了
",-1,0,-1.0
"23333
",-1,0,-1.0
"胖拉杆
",-1,0,-1.0
"哈哈哈，三人互相翻译
",-1,0,-1.0
"驻日美军呢？好多拍片的
",-1,0,-1.0
"无名没在榜单上我不理解
",-1,0,-1.0
"这是在中国。。。。。
",-1,0,-1.0
"这不叫平民窟 小伙子 多转转吧
",-1,0,-1.0
"理人，我的超人！
",-1,0,-1.0
"广州
",-1,0,-1.0
"多个零吧，不止
",-1,0,-1.0
"搞笑的白左 
",1,1,0.0
"感觉还挺漂亮的呢
",-1,0,-1.0
"预告片里甩着脏辫出水画面把我看吐了
",0,1,1.0
"营销号吗
",-1,0,-1.0
"好痛苦，听得好难过啊啊啊啊
",-1,0,-1.0
"世上还是好警察多呀
",-1,0,-1.0
"可怕
",-1,0,-1.0
"666
",-1,0,-1.0
"应该报警，涉嫌控制
",-1,0,-1.0
"谁特么让你来了？
",-1,0,-1.0
"果然坑了韩国妹233
",-1,0,-1.0
"老广
",-1,0,-1.0
"不是听不懂吗？？？？
",-1,0,-1.0
"爷
",-1,0,-1.0
"哈哈哈哈哈哈哈
",-1,0,-1.0
"死不足惜！
",-1,0,-1.0
"好卷啊还好还好哈
",-1,0,-1.0
"自己找的
",-1,0,-1.0
"埃及不是黑人吧
",1,1,0.0
"都知道和尚有钱 有钱 大家都懂的
",-1,0,-1.0
"哪来的比脸
",-1,0,-1.0
"然而这首歌就是很老的啊
",-1,0,-1.0
"这炸弹不要钱的
",-1,0,-1.0
"郝球
",-1,0,-1.0
"估计是某女和白人生的
",-1,0,-1.0
"郝球
",-1,0,-1.0
"dzt
",-1,0,-1.0
"力宏力宏力宏力宏力宏力宏力宏❤️❤️
",-1,0,-1.0
"卖淫犯法的
",-1,0,-1.0
"只按下半身思考，我更喜欢俄罗斯的小美人鱼
",-1,0,-1.0
"日尼玛的央视，还宣传
",-1,0,-1.0
"弟弟帅啊
",-1,0,-1.0
"没看出什么。
",-1,0,-1.0
"1.5倍新世界
",-1,0,-1.0
"买两根阿尔卑斯
",-1,0,-1.0
"瓜老外
",-1,0,-1.0
"你这样说，我要去批判批判了
",-1,0,-1.0
"两包辣条
",-1,0,-1.0
"我叫你嘿帅
",-1,0,-1.0
"她愿意你能怎么样。。。
",-1,0,-1.0
"活该
",-1,0,-1.0
"我就是
",-1,0,-1.0
"不会
",-1,0,-1.0
"人家价钱都谈好了，耽误生意呢
",-1,0,-1.0
"咚咚 咚——————
",-1,0,-1.0
"yamero！！！！！
",-1,0,-1.0
"说啥呢
",-1,0,-1.0
"希望中国文化能改变他
",-1,0,-1.0
"中国人就没有种族主义者，我们只是不瞎而已！
",0,1,1.0
"外国片评分固定+1~2分
",-1,0,-1.0
"《优待》
",-1,0,-1.0
"看起来像东南亚的黑人
",-1,0,-1.0
"我就想问问你们，美国前段时间的华人滚出美国和你们现在有何区别
",2,1,0.0
"快乐教育
",-1,0,-1.0
"编
",-1,0,-1.0
"呵呵
",-1,0,-1.0
"哈哈哈哈黑求恩，贴切
",2,1,0.0
"巧克力色皮肤
",1,1,0.0
"起鸡皮疙瘩了吗
",-1,0,-1.0
"？？？？
",-1,0,-1.0
"qq农场有
",-1,0,-1.0
"加戏是吧？亚军不能庆祝吗
",-1,0,-1.0
"可以外嫁，不要留着国土上
",0,1,1.0
"啊这
",-1,0,-1.0
"黑人的脑容量比黄种人少50ml，简单来说就是黑人没有进化成功
",0,1,1.0
"有人说过，可以付费上班
",-1,0,-1.0
"现在阿美莉卡化身无障碍性别）dogs
",-1,0,-1.0
"日本敌人下线？？？？？日本人在旁边看着恁俩煽情？？
",-1,0,-1.0
"看来你是很想出去啊
",-1,0,-1.0
"什么意思？
",-1,0,-1.0
"我通常都是住布丁酒店一晚上120块钱
",-1,0,-1.0
"小姐姐好棒！
",-1,0,-1.0
"不好看为什么要看，花木兰不也扑街了吗
",-1,0,-1.0
"他数量比你少时，他和你讲歧视，当它数量和你一样时，他和你讲公平，等他数量比你多时，你就该搬家了。
",0,1,1.0
"尴尬
",-1,0,-1.0
"这个地砖有点眼熟
",-1,0,-1.0
"不用负法律责任的吗
",-1,0,-1.0
"现在在美国的华人在排队回来。美国火车爆炸了
",-1,0,-1.0
"这不是武侠小说的话吗，还当真
",-1,0,-1.0
"不可以
",-1,0,-1.0
"笑出了声
",-1,0,-1.0
"来了来了同情者
",-1,0,-1.0
"村头三霸之首
",-1,0,-1.0
"一箭双雕呀，挺好的
",-1,0,-1.0
"这只是搞笑电影啊别当真
",-1,0,-1.0
"大牛
",-1,0,-1.0
"看来他经常陪床
",-1,0,-1.0
"布莱克曼
",-1,0,-1.0
"请回去爱非洲，谢谢
",0,1,1.0
"《催逝员》
",-1,0,-1.0
"乱讲你自己听不懂
",-1,0,-1.0
"这老外说中文有点山下智博的感觉
",-1,0,-1.0
"我们不买你们的电影就是歧视什么逻辑
",-1,0,-1.0
"队友 都没说啥你们挑什么刺
",-1,0,-1.0
"给老子滚
",0,1,1.0
"想看， 但是好好休息，兄弟
",-1,0,-1.0
"快进到纪录片或者电影里英国女王是心理性别为女的生理性别男性的黑人
",1,1,0.0
"广州牛逼
",-1,0,-1.0
"不喜欢
",-1,0,-1.0
"什么怎么处理，看看日本，以色列怎么做的
",-1,0,-1.0
"中国人不信中医，外国人到是信
",-1,0,-1.0
"伞呢，这么大太阳
",-1,0,-1.0
"醉了，跟这种学土著语马
",-1,0,-1.0
"活该！！！
",-1,0,-1.0
"有啊
",-1,0,-1.0
"当场去世
",-1,0,-1.0
"全是广东的？…
",-1,0,-1.0
"山东毕业
",-1,0,-1.0
"这个就爱情
",-1,0,-1.0
"老虎
",-1,0,-1.0
"决赛有一方通行
",-1,0,-1.0
"这不就是中国人么
",1,1,0.0
"朋你大爷
",-1,0,-1.0
"这句说的深刻
",-1,0,-1.0
"不是很常见和，像是在说一个物品
",-1,0,-1.0
"最好一个都不留，以后也别来了！
",-1,0,-1.0
"都是欧洲比较多赞成的
",-1,0,-1.0
"？？？？？？？？？？？？？？？？？？？？？？？？？？？？？？？？？？？？？？？？？？？？？？？？？？？？？？？？？？？？？？？？？？？？？？？？
",-1,0,-1.0
"复仇联盟不假？
",-1,0,-1.0
"这种视频就应该多做
",-1,0,-1.0
"基本功够扎实了，是时候练武林秘籍了
",-1,0,-1.0
"日本畢竟比較有自尊
",-1,0,-1.0
"是怀念还是什么？最近一直这样
",-1,0,-1.0
"枪毙
",-1,0,-1.0
"card or cash？。。。。。。。。。
",-1,0,-1.0
"啊？
",-1,0,-1.0
"是的，我就是
",-1,0,-1.0
"这个完全不能接受
",-1,0,-1.0
"滚
",0,1,1.0
"这gbm配的属实龙鸣
",-1,0,-1.0
"最近美国大侍去非洲了
",-1,0,-1.0
"笑，歧视金牌
",0,1,1.0
"绝对不行
",-1,0,-1.0
"Hold on
",-1,0,-1.0
"怎么？现在就放这个是为了提前适应？
",-1,0,-1.0
"主要还是当时…
",-1,0,-1.0
"你看那美人鱼像人吗？
",-1,0,-1.0
"是倒贴
",-1,0,-1.0
"咪咪啊→
",-1,0,-1.0
"〖面试〗
",-1,0,-1.0
"WTF
",-1,0,-1.0
"横练，太猛了
",-1,0,-1.0
"。。。。
",-1,0,-1.0
"果然黑人的语言天赋很强
",2,1,0.0
"这人是个腊鸡
",-1,0,-1.0
"她是不是觉得这眼镜很酷？
",-1,0,-1.0
"前面那個，其他術就不是殺人技了？
",-1,0,-1.0
"小北，看你干的好事
",-1,0,-1.0
"两位都好好看啊！
",-1,0,-1.0
"《比较好》
",-1,0,-1.0
"这么明显的犯规不吹？
",-1,0,-1.0
"陪读
",-1,0,-1.0
"娱乐至死的典型
",-1,0,-1.0
"好！
",-1,0,-1.0
"咕噜咕噜
",-1,0,-1.0
"滚
",-1,0,-1.0
"哇丫丫！不要来抢我们的妹子
",-1,0,-1.0
"这不稳了吗
",-1,0,-1.0
"现在的功夫大多是花架子，孙禄堂听说是最厉害
",-1,0,-1.0
"把电动车骑进人店里也是醉了，阿三果然奇葩多!
",-1,0,-1.0
"？？？？？？？？？？？/
",-1,0,-1.0
"少林十八铜人
",-1,0,-1.0
"每个留学生背后都有一个强大的中国！
",1,1,0.0
"也只有 纯真 的孩子不惧怕，不歧视
",2,1,0.0
"你缺少专业的化妆师
",-1,0,-1.0
"不要和中国人打架，你可能会没命
",-1,0,-1.0
"？？？？？？？？？？。。。。。。？？？。
",-1,0,-1.0
"爸爸去哪了
",-1,0,-1.0
"老板娘想打你...
",-1,0,-1.0
"好！！！！！！！！！！
",-1,0,-1.0
"5
",-1,0,-1.0
"香你的腋
",-1,0,-1.0
"不丑啊，只是妆容审美的差异吧
",-1,0,-1.0
"反手一个举报
",-1,0,-1.0
"整条街上最暗的仔
",-1,0,-1.0
"不算
",-1,0,-1.0
"在中国叫乱打，有一个词叫乱棍打死
",-1,0,-1.0
"自己人????
",-1,0,-1.0
"拼了命
",-1,0,-1.0
"《哎唉唉~》
",-1,0,-1.0
"马桶鸡
",-1,0,-1.0
"为什么要沉默
",-1,0,-1.0
"再怎么混血也是外国长相
",-1,0,-1.0
"不是只欺负亚洲人么
",-1,0,-1.0
"艾你
",-1,0,-1.0
"不是失误，看视频是故意！
",-1,0,-1.0
"那你一定也要天天过冬熬
",-1,0,-1.0
"你越这样越没人点  
",-1,0,-1.0
"不至于，这样太伤身
",-1,0,-1.0
"还有热情的板砖。
",-1,0,-1.0
"先帝创业未半而中道崩殂，今天下三分′′′′′′′′
",-1,0,-1.0
"这是留学生吗？
",-1,0,-1.0
"我个人是只针对个人，一般不会上升到群体！
",-1,0,-1.0
"这字幕绝了
",-1,0,-1.0
"非洲少林寺分部
",-1,0,-1.0
"不喜欢黑人
",-1,0,-1.0
"?
",-1,0,-1.0
"我的队长！
",-1,0,-1.0
"杀手被杀了
",-1,0,-1.0
"不算请滚出去
",-1,0,-1.0
"外国人太开放了哈哈哈哈
",-1,0,-1.0
"吓死我了我的天
",-1,0,-1.0
"哈哈哈哈哈哈哈哈
",-1,0,-1.0
"确实震惊了我
",-1,0,-1.0
"中文还不够 不然还是可以买的
",-1,0,-1.0
"他是美国人
",-1,0,-1.0
"好家伙，真带劲
",-1,0,-1.0
"好惨
",-1,0,-1.0
"公共厕所包容心很强，来者不拒
",-1,0,-1.0
"长得像麦迪
",-1,0,-1.0
"离开中国让我尊重你
",0,1,1.0
"郝球
",-1,0,-1.0
"重马 前7都是黑人 第一名3w奖金
",1,1,0.0
"买把狙吧韩国那小姐姐
",-1,0,-1.0
"这是腰腿发力，臂肩一体，单靠臂力不可能赢的
",-1,0,-1.0
"该低价处理
",-1,0,-1.0
"几千年的文化你先拿得出能对等的存在吧
",1,1,0.0
"李汶翰～
",-1,0,-1.0
"表演不要太多
",-1,0,-1.0
"泰亨了
",-1,0,-1.0
"好帅的李青
",-1,0,-1.0
"走位666
",-1,0,-1.0
"《口你急哇》
",-1,0,-1.0
"钱多多
",-1,0,-1.0
"客套而已
",-1,0,-1.0
"伟大的人
",-1,0,-1.0
"If that was a choice I’ll definitely choose the white girl not because they’re white lol
",-1,0,-1.0
"断头台
",-1,0,-1.0
"小王子：！！！
",-1,0,-1.0
"可以可以
",-1,0,-1.0
"吃枣药丸
",-1,0,-1.0
"是的，我是
",-1,0,-1.0
"很正常的，换种情况也是一样的，这是人的通病
",-1,0,-1.0
"只要风格差不多就carti是吧？
",-1,0,-1.0
"看着就恶心
",0,1,1.0
"捍卫人民！捍卫非洲！
",1,1,0.0
"普通话比我还标准。。。
",-1,0,-1.0
"哈哈哈哈哈
",-1,0,-1.0
"还敢打的士
",-1,0,-1.0
"两包辣条
",-1,0,-1.0
"广州老乡会
",-1,0,-1.0
"没接好可以再次运的吧，他就是假装没接好
",-1,0,-1.0
"笑死我了666
",-1,0,-1.0
"对陌生人有防备心理，很正常。
",-1,0,-1.0
"@央视网
",-1,0,-1.0
"搓洗……
",-1,0,-1.0
"保全公司
",-1,0,-1.0
"5
",-1,0,-1.0
"阿婆真勇敢。。。
",-1,0,-1.0
"去纽约没被黑人抢过别说来过纽约
",0,1,1.0
"若干年后:最后的莫西干人
",-1,0,-1.0
"坏的很
",-1,0,-1.0
"这人一看就做事很认真，谈吐间就很有认真的感觉
",-1,0,-1.0
"恭喜恭喜，如愿以偿得了艾滋
",0,1,1.0
"印度三哥三姐
",-1,0,-1.0
"尊重别人谢谢各位 不知道的以为自己多帅多美呢 学会尊重
",-1,0,-1.0
"就是骂你说你去死吧啊
",-1,0,-1.0
"主旋律在本土都不太受欢迎，还外国主旋律，骗谁呢
",-1,0,-1.0
"好能编
",-1,0,-1.0
"为什么要配个古筝曲
",-1,0,-1.0
"优秀
",-1,0,-1.0
"哪个是抢的？？
",-1,0,-1.0
"开篇一段视频，剩下全靠编，流量密码了属于是
",-1,0,-1.0
"牛皮
",-1,0,-1.0
"小女孩碰不得？我18岁还天天帮我两个侄女洗澡呢
",-1,0,-1.0
"放着人不要非要非洲动物
",0,1,1.0
"这个算白的了
",1,1,0.0
"???????????????
",-1,0,-1.0
"法国都规划大帝了，你问还在故步自封？
",-1,0,-1.0
"海尔兄弟根本都不削来
",-1,0,-1.0
"喷长相?喷人也得讲基本法吧，长相有什么可喷的
",1,1,0.0
"好可爱哦摩托哥
",-1,0,-1.0
"不是玩笑是认真的
",-1,0,-1.0
"因为保罗吧
",-1,0,-1.0
"说你吗
",-1,0,-1.0
"也没你想象的这么安全
",-1,0,-1.0
"我只是单纯不喜欢也不会怎么样
",-1,0,-1.0
"2333
",-1,0,-1.0
"真是贱骨头
",0,1,1.0
"太厉害了
",-1,0,-1.0
"6
",-1,0,-1.0
"好！
",-1,0,-1.0
"因为我们都穷过！所以太懂了！。。。。
",-1,0,-1.0
"这铁轨自行车技术还行哈哈哈哈哈
",-1,0,-1.0
"不要歧视黑人同胞
",2,1,0.0
"太野蛮了……
",0,1,1.0
"这水平在非洲已经是尖尖了
",-1,0,-1.0
"圈粉了
",-1,0,-1.0
"反客为主
",-1,0,-1.0
"农具历险记
",-1,0,-1.0
"妈妈叫我不要和陌生人说话
",-1,0,-1.0
"小芥是第五诶
",-1,0,-1.0
"我的爆发在你之上！
",-1,0,-1.0
"怎么还有人花这冤枉钱
",-1,0,-1.0
"这是啥？！—曾经的暴雪全系玩家
",-1,0,-1.0
"do it
",-1,0,-1.0
"是的，我是
",-1,0,-1.0
"真的 谢谢 不要来中国黑色的朋友～
",0,1,1.0
"大荔马拉松欢迎你
",-1,0,-1.0
"印度也被殖民啊，看人家都说2050全球第一了
",-1,0,-1.0
"跑车轰油门
",-1,0,-1.0
"一万八千平方米也就不到30亩地
",-1,0,-1.0
"广东人喔
",-1,0,-1.0
"太兔子味儿了
",-1,0,-1.0
"低于20斤的就算了
",-1,0,-1.0
"谁信谁是傻子
",-1,0,-1.0
"牙白牙白
",-1,0,-1.0
"这不就是星星吗
",-1,0,-1.0
"那个
",-1,0,-1.0
"四川谢谢你
",-1,0,-1.0
"市级表彰
",-1,0,-1.0
"真假先不说，看这几行字我就腾腾的火
",-1,0,-1.0
"重庆猛人
",-1,0,-1.0
"当地人合影内心：内个长的真别致
",-1,0,-1.0
"有非洲特色
",1,1,0.0
"我们不吃你那套
",-1,0,-1.0
"他爸居然没跑
",-1,0,-1.0
"不能
",-1,0,-1.0
"繁体字，在日本转机
",-1,0,-1.0
"这视频的意义在哪？费城不是很差？
",-1,0,-1.0
"这个确实，搭讪
",-1,0,-1.0
"一车废物
",-1,0,-1.0
"这你就不用担心了，大部分人都回国了，不然你猜人家为什么慌？
",-1,0,-1.0
"看着像土鸡
",-1,0,-1.0
"一个中文，一个英文。
",-1,0,-1.0
"这不黑人辛吉飞吗（震惊）
",-1,0,-1.0
"跟孩子玩太累了
",-1,0,-1.0
"铁砂掌哈哈哈哈哈
",-1,0,-1.0
"好大
",-1,0,-1.0
"正确的
",-1,0,-1.0
"《人 民 大 学》
",-1,0,-1.0
"这笑声他ma好娘啊
",-1,0,-1.0
"种族天赋哈哈
",1,1,0.0
"想要
",-1,0,-1.0
"放屁，自己选的
",-1,0,-1.0
"你没有枪，没有帮手，在一个强盗国家如何保护自己？还是小心为上，真的出了事得不偿失啊。真心话
",1,1,0.0
"滚蛋吧，滚蛋
",0,1,1.0
"大
",-1,0,-1.0
"不疼啊
",-1,0,-1.0
"电影工业发达的那也不是美国了，现在是加拿大。美国电影工业都转移出去了
",-1,0,-1.0
"这个手势可不兴放啊
",-1,0,-1.0
"我就是那个你哥！
",-1,0,-1.0
"我也不喜欢，哈哈哈
",-1,0,-1.0
"出生点是安全屋
",-1,0,-1.0
"这个咸甜的 很好吃
",-1,0,-1.0
"太聪明
",-1,0,-1.0
"这话问的太冒犯了
",-1,0,-1.0
"up主哪来的优越感？？？
",-1,0,-1.0
"我左耳聋了
",-1,0,-1.0
"开枪啊
",-1,0,-1.0
"舒服！！
",-1,0,-1.0
"中华勇士
",-1,0,-1.0
"小伙子很帅啊
",-1,0,-1.0
"马桶知道
",0,1,1.0
"牛逼
",-1,0,-1.0
"儒艮很白
",-1,0,-1.0
"边防战士:我防住了外敌，却防不住自己人
",0,1,1.0
"怎么入境的？
",-1,0,-1.0
"拐卖既视感
",-1,0,-1.0
"但是我又没去，然而你来了
",-1,0,-1.0
"Walsh十脸懵逼
",-1,0,-1.0
"用巴掌会很痛伤不了人，用拳头打伤人怎么办
",-1,0,-1.0
"牛鬼蛇神都聚集在网上了，现实中可能确实少一些
",-1,0,-1.0
"没看到减少多少，听你放屁挺多的
",-1,0,-1.0
"贫民窟？房子卖了到非洲都能变首富
",-1,0,-1.0
"有点硬？怕是不懂西餐的
",-1,0,-1.0
"来安徽糙事是吧？
",-1,0,-1.0
"我一猜就是
",-1,0,-1.0
"这nm就尴尬了
",-1,0,-1.0
"哈哈哈哈哈哈哈
",-1,0,-1.0
"绷不住了
",-1,0,-1.0
"在古代要是来个黑人 铁定被抓去砍头。。
",0,1,1.0
"不像真的。
",-1,0,-1.0
"不是喝多了，是正在喝哈哈哈
",-1,0,-1.0
"Blaked
",-1,0,-1.0
"有
",-1,0,-1.0
"垃圾回收站
",-1,0,-1.0
"我就是种族主义者！
",0,1,1.0
"是杀手在笑吗
",-1,0,-1.0
"？？？？？？？？？？？？、
",-1,0,-1.0
"飞舞
",-1,0,-1.0
"教杀人吗？
",-1,0,-1.0
"好可怕
",-1,0,-1.0
"原来是玄幻剧？
",-1,0,-1.0
"广州牛逼
",-1,0,-1.0
"甲亢哥:到目前为止还很正常
",-1,0,-1.0
"异形出来了
",-1,0,-1.0
"她是后来去的世界青年说
",-1,0,-1.0
"打死这群狗
",-1,0,-1.0
"可以买一根烤肠
",-1,0,-1.0
"赞同
",-1,0,-1.0
"都不要。。。
",-1,0,-1.0
"打她龟脑壳
",-1,0,-1.0
"活该
",-1,0,-1.0
"逆子
",-1,0,-1.0
"恶心玩意
",0,1,1.0
"法国佬开电信公司监听
",-1,0,-1.0
"中国的抗日神剧竟然有黑人帮中国抗日真是侮辱烈祖列宗
",0,1,1.0
"？？？？？？？？？？？？？？？？
",-1,0,-1.0
"地道！
",-1,0,-1.0
"哎呦我这个暴脾气
",-1,0,-1.0
"平心而论 这黑哥的英语胜过不少国内英语老师
",2,1,0.0
"感觉用力的方式很厉害
",-1,0,-1.0
"他大吗
",-1,0,-1.0
"有
",-1,0,-1.0
"好！！说的真好！！！
",-1,0,-1.0
"哈哈哈哈哈哈
",-1,0,-1.0
"我歧视那些在中国无理取闹的黑人
",1,1,0.0
"加油建设你的国家，你们会越来越好的
",2,1,0.0
"摇就完了，苏喂苏喂苏喂-
",-1,0,-1.0
"？？你们什么审美？？？？
",-1,0,-1.0
"是中国人，只要有中国国籍，他就是中国人
",2,1,0.0
"广东本地人
",-1,0,-1.0
"中国有些人犯贱
",1,1,0.0
"无辜什么无辜
",-1,0,-1.0
"等一下，那个轨道……？
",-1,0,-1.0
"经典问题 哪里人结婚了吗干啥工作
",-1,0,-1.0
"骗财骗色
",0,1,1.0
"谁认为的？
",-1,0,-1.0
"名场面
",-1,0,-1.0
"死得其所
",-1,0,-1.0
"拳套是擂台统一发的
",-1,0,-1.0
"都三个孩子了，还要生？怕不是变公公了
",-1,0,-1.0
"异族
",0,1,1.0
"黑人从头到尾就没表现过喜欢和高兴 这就不是一对正常的情侣
",0,1,1.0
"瑞典人
",-1,0,-1.0
"这是客观现实的评价，别动不动扯什么极端
",-1,0,-1.0
"dio直呼内行
",-1,0,-1.0
"别误导别人
",-1,0,-1.0
"老广哈哈哈哈哈哈哈
",-1,0,-1.0
"输入密码
",-1,0,-1.0
"他是小泥个肖恩，大家叫他农具肖就好
",0,1,1.0
"嘴唇子都干肿了，还没消呢
",-1,0,-1.0
"这歌好听啊！
",-1,0,-1.0
"肿么？！你不服气？！
",-1,0,-1.0
"恶心
",-1,0,-1.0
"猴子偷桃一招制敌
",-1,0,-1.0
"还是黑哥有面啊！
",-1,0,-1.0
"…… 好看的也有hh
",-1,0,-1.0
"thanks to introduce our country by the correct way
",-1,0,-1.0
"...................................
",-1,0,-1.0
"哈哈
",-1,0,-1.0
"马桶
",0,1,1.0
"这女的是没听过歌曲和电影吧？！活在上世纪？！
",-1,0,-1.0
"广东人np
",-1,0,-1.0
"伽柏
",-1,0,-1.0
"英语真的简单，但我就是不喜欢不想学
",-1,0,-1.0
"很好
",-1,0,-1.0
"欢迎喜爱中国和想了解中国的所有外国人来，不论什么肤色都欢迎！
",2,1,0.0
"？
",-1,0,-1.0
"杀手精分2333
",-1,0,-1.0
"要你讨厌？前面的
",-1,0,-1.0
"好不好看看鼻子，左边塌鼻子丑爆了
",-1,0,-1.0
"哈哈哈哈哈哈
",-1,0,-1.0
"好
",-1,0,-1.0
"公车？？
",-1,0,-1.0
"便宜
",-1,0,-1.0
"网上其实很严重 不过都是嘴炮而已
",-1,0,-1.0
"9块，好贵
",-1,0,-1.0
"活该
",-1,0,-1.0
"蹲下可以口啊
",-1,0,-1.0
"是哇叫吗？
",-1,0,-1.0
"中国人看这片就好比给美国人看长津湖，都是“样板戏”
",-1,0,-1.0
"。。。。。。抖音毁人不倦。
",-1,0,-1.0
"好人一生平安
",-1,0,-1.0
"好家伙保密级画质
",-1,0,-1.0
"hiv快乐
",-1,0,-1.0
"哈哈哈哈哈
",-1,0,-1.0
"非洲兄弟？
",-1,0,-1.0
"军体拳有点味道
",-1,0,-1.0
"汉语还可以啊
",-1,0,-1.0
"不是国内传过去的。
",-1,0,-1.0
"中国人是天选之民
",-1,0,-1.0
"为了流量没谁了
",-1,0,-1.0
"同样都被掠夺过，为何非洲发展不起来
",-1,0,-1.0
"培养多少不重要，重要的是培养出来在哪里干活，很值得考虑一下
",-1,0,-1.0
"广州太惨了
",-1,0,-1.0
"不论如何，他们是资本主义阵营的
",-1,0,-1.0
"2
",-1,0,-1.0
"那么问题来了，他们说什么语言（我想去。。）
",-1,0,-1.0
"说不自由那个是偷包职业的吗
",-1,0,-1.0
"一个北京人，一个东北人
",-1,0,-1.0
"不是扎雅韦德演的小美人鱼不看
",-1,0,-1.0
"大唐，大明，大漢，都給丟了？
",-1,0,-1.0
"?宿舍
",-1,0,-1.0
"支持天线，但是真的是耳熟能详的故事了，还能看出来啥花？
",-1,0,-1.0
"这是韩国人说的吧？
",-1,0,-1.0
"我天别人夸我们善良你们却一个劲儿的恶心，现在中国还会被人欺负吗？
",-1,0,-1.0
"挺好的
",-1,0,-1.0
"法克
",-1,0,-1.0
"没什么辨识度啊
",-1,0,-1.0
"人的欲望会导致人类灭亡
",-1,0,-1.0
"别的人种无论多漂亮也恕我接受不能…
",-1,0,-1.0
"看过！
",-1,0,-1.0
"十五一米八
",-1,0,-1.0
"这腋窝吓到我了
",-1,0,-1.0
"这不是事实？
",-1,0,-1.0
"该，崇媚洋外，触犯法律。
",0,1,1.0
"色相？我去动物园看大猩猩 那玩意哪有色相
",-1,0,-1.0
"？？？？？？？？？？？？？？？？
",-1,0,-1.0
"摩尔人？猛龙都不过江！
",-1,0,-1.0
"孽种
",0,1,1.0
"就是在中国才敢这样啊  在美国哪敢？
",-1,0,-1.0
"为林波波打call
",-1,0,-1.0
"法兰西本土已经是黑人啦，
",1,1,0.0
"说别人，自己不也拿相机拍吗
",-1,0,-1.0
"好的，这就去留言，开心开心
",-1,0,-1.0
"这个问题就是我们的，我们承认了，哈哈哈哈
",-1,0,-1.0
"m是数学mathematics
",-1,0,-1.0
"好和蔼的老奶奶
",-1,0,-1.0
"小孩成长也一直受到歧视吧，真可怜
",-1,0,-1.0
"他不是主持人，相当于前辈指导，肯定是有什么说什么的
",-1,0,-1.0
"这才是嘻哈。。。王力宏的 算了吧
",-1,0,-1.0
"不应该
",-1,0,-1.0
"美国人吧！
",-1,0,-1.0
"这是韩国人，还是中国人？
",-1,0,-1.0
"桌子:首先我没惹你们任何人
",-1,0,-1.0
"漂亮
",-1,0,-1.0
"英语老师？有外教资格吗？
",-1,0,-1.0
"天网时代谁敢偷和破坏，分分钟找到你
",-1,0,-1.0
"对
",-1,0,-1.0
"？？谁给你权利定义它的性别？
",-1,0,-1.0
"黑柚遣返
",-1,0,-1.0
"哼哈
",-1,0,-1.0
"拉队歌
",-1,0,-1.0
"不
",-1,0,-1.0
"好讨厌插话的那个男的
",-1,0,-1.0
"这就是碾压
",-1,0,-1.0
"哇哇哇哇哇 男主脚这么帅！！！
",-1,0,-1.0
"累计上当受骗人次54.7万
",-1,0,-1.0
"猎奇牛魔
",-1,0,-1.0
"byd你们不吃肉是吧
",-1,0,-1.0
"不去滚
",-1,0,-1.0
"压力大
",-1,0,-1.0
"回去吧
",-1,0,-1.0
"一红一黑，什么留赞
",-1,0,-1.0
"你自己选择的啊。多么自由啊！给祖上都积德了！哈哈哈哈
",-1,0,-1.0
"好高啊
",-1,0,-1.0
"不喜欢
",-1,0,-1.0
"喜欢来旅游就行了
",-1,0,-1.0
"恶心
",0,1,1.0
"不要过来啊！！！
",-1,0,-1.0
"一滴血
",-1,0,-1.0
"握草
",-1,0,-1.0
"盲猜女的花钱
",-1,0,-1.0
"啊？
",-1,0,-1.0
"别回来就行
",-1,0,-1.0
"少部分女生吧
",-1,0,-1.0
"跟我弟弟好像，就是比他黑
",-1,0,-1.0
"走位！
",-1,0,-1.0
"哈哈哈哈哈哈哈哈哈哈或或
",-1,0,-1.0
"都找不到父亲吧
",-1,0,-1.0
"别惹脱发男或秃顶男
",-1,0,-1.0
"质疑，理解，成为，超越
",-1,0,-1.0
"没在人生攻击吧？
",-1,0,-1.0
"王八拳
",-1,0,-1.0
"6
",-1,0,-1.0
"5
",-1,0,-1.0
"活着不好吗？
",-1,0,-1.0
"省流：造谣
",-1,0,-1.0
"刻板印象，当然我们亚洲人也有属于我们自己的刻板印象
",1,1,0.0
"你是优越感
",-1,0,-1.0
"好
",-1,0,-1.0
"根据历史改编
",-1,0,-1.0
"三非
",0,1,1.0
"呵呵呵
",-1,0,-1.0
"让老外看一下中考体育
",-1,0,-1.0
"？？？？？？？？？
",-1,0,-1.0
"哪个学校哪个教授说的，你总不能开局一句话随便乱编吧。
",-1,0,-1.0
"人家天天输出广州眉，能不会吗
",-1,0,-1.0
"从哪里跑来的汉奸
",0,1,1.0
"过分
",-1,0,-1.0
"gta的任务完成
",-1,0,-1.0
"去你家就行
",-1,0,-1.0
"那年代没有同声传译吧
",-1,0,-1.0
"事实上，非洲有很多反对票。
",-1,0,-1.0
"啊？科西嘉怪物表示很凎
",-1,0,-1.0
"好怕他们来一个那个黑人摔角时突然笑的表情包，，，，
",-1,0,-1.0
"没事，非洲人，卷不过印第安人
",-1,0,-1.0
"就感觉是在求别人来留学似的，为啥不能一起都住八人六人的那种宿舍？
",-1,0,-1.0
"非洲养活了法国 没毛病   这就是因果报应
",-1,0,-1.0
"这一脚太恐怖了
",-1,0,-1.0
"厉害
",-1,0,-1.0
"死是死不了暂时性晕厥
",-1,0,-1.0
"真爱啊，真爱，你赶紧的去非洲吧
",-1,0,-1.0
"怎么科比不在她的屁股上面签个名呢？
",-1,0,-1.0
"BGM：《Far From Any Road》.《真探》第一季片头曲。
",-1,0,-1.0
"白色是花菜不是西兰
",-1,0,-1.0
"其实只是没粉刷外墙罢了，刷了漆一样很新
",-1,0,-1.0
"这是特洛伊一开始被一刀捅死的那位吧
",-1,0,-1.0
"问题不礼貌
",-1,0,-1.0
"笑死了
",-1,0,-1.0
"谁说没有
",-1,0,-1.0
"打马呀
",-1,0,-1.0
"？？？？？？？？？？？？？？？？？？？？？？？？？？？？？？？？？？？？？？？？？？？？？？？？？？？？？？？？？？？？？？？？？？？？？？？？？？？？？？
",-1,0,-1.0
"6B
",-1,0,-1.0
"它们的名字叫郝建！
",-1,0,-1.0
"我去，非洲小姐姐居然唱和声
",-1,0,-1.0
"哈哈哈
",-1,0,-1.0
"是的我就是。
",-1,0,-1.0
"南汇话吗
",-1,0,-1.0
"这还不错呀，有自己的事业
",-1,0,-1.0
"马哥
",-1,0,-1.0
"厉害厉害
",-1,0,-1.0
"好
",-1,0,-1.0
"面对简中互联网的自洗只能呃呃
",-1,0,-1.0
"近乡情怯
",-1,0,-1.0
"这家伙很BBc？
",-1,0,-1.0
"逆天
",-1,0,-1.0
"Durant﹉
",-1,0,-1.0
"死刑安逸
",-1,0,-1.0
"大
",-1,0,-1.0
"就这小？
",-1,0,-1.0
"恶心
",0,1,1.0
"4
",-1,0,-1.0
"大姐的标准南普···
",-1,0,-1.0
"谁？释永信？
",-1,0,-1.0
"确实大部分起源于非洲
",1,1,0.0
"暂停在这最左边迷醉的表情
",-1,0,-1.0
"老子有钱哈哈哈哈超好听
",-1,0,-1.0
"这防守
",-1,0,-1.0
"细说吃吃喝喝
",-1,0,-1.0
"我们这鸡蛋5块一斤
",-1,0,-1.0
"黑入白出
",-1,0,-1.0
"谁看我笑谁
",-1,0,-1.0
"反客为主？
",-1,0,-1.0
"其实还好 不是特别热
",-1,0,-1.0
"滚
",0,1,1.0
"蚝，蚝极了
",-1,0,-1.0
"侮辱性极强
",-1,0,-1.0
"干得漂亮
",-1,0,-1.0
"如果我要喝白酒的话
",-1,0,-1.0
"尼日利亚
",1,1,0.0
"取款万密码正确，成功取款十万块
",-1,0,-1.0
"乱扯
",-1,0,-1.0
"这什么鬼话
",-1,0,-1.0
"突然理解了漂亮国
",-1,0,-1.0
"高了
",-1,0,-1.0
"大家都看到了啊，是它自己摔倒的
",-1,0,-1.0
"有其父必有其子
",-1,0,-1.0
"广普很明显
",-1,0,-1.0
"《非洲》《豪车别墅》
",0,1,1.0
"yue
",-1,0,-1.0
"CPU的语言模块直接宕机了
",-1,0,-1.0
"估计被熏惨了
",-1,0,-1.0
"工作？有人养着不舒服吗？
",-1,0,-1.0
"bgm好评，西瓜差评，太小了。
",-1,0,-1.0
"真的丑啊
",-1,0,-1.0
"完了，来中国了。
",-1,0,-1.0
"中间的是女兵啊，真不怂嘿！
",-1,0,-1.0
"怎么了？  给的权利太多了而已
",-1,0,-1.0
"为什么老是有人跟外国人合影，我感觉很没有见过世面
",-1,0,-1.0
"法国都黑了，想嫌弃也没那条件了
",-1,0,-1.0
"看上啥了？
",-1,0,-1.0
"竖着？！
",-1,0,-1.0
"法语？
",-1,0,-1.0
"拿走拿走
",-1,0,-1.0
"巧了，日本的新垣结衣是我老婆
",-1,0,-1.0
"我呸
",-1,0,-1.0
"我就是审美降级，审美霸凌。不用客气
",1,1,0.0
"不能
",-1,0,-1.0
"除了你会说中国话，你什么都和我们不一样
",0,1,1.0
"来一个我举报一个，三非黑人举报有奖的
",0,1,1.0
"但是她说没有一块钱卖的调料 只有两块的
",-1,0,-1.0
"拉稀
",-1,0,-1.0
"太狠了
",-1,0,-1.0
"一般都是客套话吧，中国人听惯了不怎么注意，外国人第一次遇见这种情况比较注意
",-1,0,-1.0
"我觉得她们都是自愿的，不然早报警了
",-1,0,-1.0
"山东大学
",-1,0,-1.0
"国人基因改变了
",1,1,0.0
"发菜吗？
",-1,0,-1.0
"你有freestyle吗？
",-1,0,-1.0
"多来点这种视频
",-1,0,-1.0
"亚洲马桶
",0,1,1.0
"小黑鱼， 没人喜欢，做酸菜鱼倒是不错
",-1,0,-1.0
"黑人是犯罪率是最高的，黑人有科学家？
",0,1,1.0
"黑哥一笑，生死难料
",1,1,0.0
"每个都发三个女大学生然后给他们然后给他们发钱。流批呀
",0,1,1.0
"我还歧视那些不歧视的人
",0,1,1.0
"马桶
",0,1,1.0
"卧槽 这插曲太突然 吓一跳
",-1,0,-1.0
"应该是李逵
",-1,0,-1.0
"我没有素质，我就是种族骑士了！[看]让我挥舞起手中的皮鞭去战斗吧
",0,1,1.0
"？？？？
",-1,0,-1.0
"算不算标题党
",-1,0,-1.0
"我要想李白
",-1,0,-1.0
"？？？？？？
",-1,0,-1.0
"讲粤语啦 讲什么普通话
",-1,0,-1.0
"波浪油是什么
",-1,0,-1.0
"哈哈哈 
",-1,0,-1.0
"当你说出不歧视这句话，就表示你想过歧视这件事
",1,1,0.0
"至少墙面比印度干净多了
",-1,0,-1.0
"尼成NB
",-1,0,-1.0
"是的
",-1,0,-1.0
"去买盒豆腐吧
",-1,0,-1.0
"这个时期的沈懿确实硬
",-1,0,-1.0
"山东大学
",-1,0,-1.0
"final strach
",-1,0,-1.0
"真实
",-1,0,-1.0
"有钱啊妹子
",-1,0,-1.0
"不要损害到我的利益就行，用任何借口来损害我的利益都不行
",-1,0,-1.0
"22的老子！！
",-1,0,-1.0
"挖去，我还真的看过这个
",-1,0,-1.0
"这不是孙少安嘛（doge）
",-1,0,-1.0
"这弯弯腔也太搞了。。。
",-1,0,-1.0
"名场面
",-1,0,-1.0
"邱小姐
",-1,0,-1.0
"跑人家菜园子里去了啊啊啊啊啊
",-1,0,-1.0
"小女孩：这把高端局
",-1,0,-1.0
"这头好大?
",-1,0,-1.0
"去死吧黑蛇!还我菲菲!
",0,1,1.0
"我口区了
",-1,0,-1.0
"高卢乌鸡
",-1,0,-1.0
"好好好
",-1,0,-1.0
"悲伤的小曲
",-1,0,-1.0
"奥尼玛
",-1,0,-1.0
"镜头淋雨了
",-1,0,-1.0
"女兵？还以为是腹肌
",-1,0,-1.0
"阿B男厕所名不虚传
",-1,0,-1.0
"我说得没他好，有区别
",-1,0,-1.0
"5
",-1,0,-1.0
"刘翔！！！
",-1,0,-1.0
"我小学也是泥路
",-1,0,-1.0
"真牛逼
",-1,0,-1.0
"关弹幕，净化眼睛
",-1,0,-1.0
"说得好
",-1,0,-1.0
"这种文明啥 粗口骂死他
",-1,0,-1.0
"6666
",-1,0,-1.0
"蒸蒸日上
",-1,0,-1.0
"不会
",-1,0,-1.0
"弹幕好酸，当然选择原谅他们了
",-1,0,-1.0
"？？
",-1,0,-1.0
"whezzy牛逼
",-1,0,-1.0
"没素质的人哪都有
",-1,0,-1.0
"不是女生喜欢黑人，而是女生容易感动
",1,1,0.0
"因为苏联没有黑人
",0,1,1.0
"攻他下盘
",-1,0,-1.0
"买票的都是影视区up主吧
",-1,0,-1.0
"这就是在黑中国人啊，哪个中国人不知道美国有黑人?
",-1,0,-1.0
"原来那个不可能是这里出来的啊
",-1,0,-1.0
"胜利的鼓动
",-1,0,-1.0
"密码正确！
",-1,0,-1.0
"老广东
",-1,0,-1.0
"黑八代
",1,1,0.0
"《吃茶去》
",-1,0,-1.0
"我觉得很好听，很不一般
",-1,0,-1.0
"我们提倡因为跨性别者去演美人鱼
",-1,0,-1.0
"名场面
",-1,0,-1.0
"低配尻比？
",-1,0,-1.0
"唉:-(
",-1,0,-1.0
"????????????????????????????????????????????????????????????????????????????????????????????????????
",-1,0,-1.0
"玩归玩，但是请不要“扎根”
",0,1,1.0
"周董从MV,词曲,立意.格调都非常的大
",-1,0,-1.0
"这还用区分吗
",-1,0,-1.0
"他怀孕了
",-1,0,-1.0
"理中客呢？魔怔人呢？
",-1,0,-1.0
"好
",-1,0,-1.0
"黑车
",-1,0,-1.0
"看人行道护栏，这是杭州吧
",-1,0,-1.0
"有人
",-1,0,-1.0
"小丑BGM
",-1,0,-1.0
"记住他的笑容
",-1,0,-1.0
"谁承认你是西安人 至少我作为渭南人 不认
",-1,0,-1.0
"还是要看颜值把
",-1,0,-1.0
"就怕女的老了男的看不上她
",-1,0,-1.0
"洪都新府。星分翼轸，地接衡庐
",-1,0,-1.0
"好
",-1,0,-1.0
"非洲有这么干净？你想啥呢？
",0,1,1.0
"好
",-1,0,-1.0
"不是萝卜干，不是榨菜，不是彩椒，就是不同颜色的胡萝卜。
",-1,0,-1.0
"前方哲学凝视表情
",-1,0,-1.0
"恶心
",-1,0,-1.0
"你还狡辩？
",-1,0,-1.0
"遥遥领先
",-1,0,-1.0
"有毛病
",-1,0,-1.0
"不适配了，变大了
",-1,0,-1.0
"这是原唱吧吧吧吧
",-1,0,-1.0
"两包辣条！
",-1,0,-1.0
"不防守的吗
",-1,0,-1.0
"又是这货，举报了 老是说别人qishi
",-1,0,-1.0
"【能吃苦】
",-1,0,-1.0
"这里有反拍的
",-1,0,-1.0
"卡丁族
",-1,0,-1.0
"看他的手你就知道是黑人了
",1,1,0.0
"加油，把家乡变成天堂
",-1,0,-1.0
"国耻
",-1,0,-1.0
"大力出奇迹
",-1,0,-1.0
"沈懿在这首歌里没有任何节拍问题，虽然这几年他还是在原地甚至可以说倒退了不少，可是不要以为自己看过有嘻哈就否认沈懿的全部好吗？
",-1,0,-1.0
"刺激
",-1,0,-1.0
"?
",-1,0,-1.0
"一个能打的都没有
",-1,0,-1.0
"哈哈哈
",-1,0,-1.0
"让你装？
",-1,0,-1.0
"你还想买肉？一美元也买不了啊
",-1,0,-1.0
"中国，周杰伦
",-1,0,-1.0
"这个up友好的展示我们积极的一面，这有什么不好吗？
",-1,0,-1.0
"《泪目》
",-1,0,-1.0
"小编这么了解，祝小编嫁给黑人
",-1,0,-1.0
"这个节目是在误导外国人
",-1,0,-1.0
"感谢字幕菌
",-1,0,-1.0
"可别拉上李白了
",-1,0,-1.0
"正确的
",-1,0,-1.0
"说实话，有些时候讨厌黑人
",-1,0,-1.0
"没有警察来教他如何呼吸？
",-1,0,-1.0
"我有次看到一个小孩被黑人给吓哭了
",-1,0,-1.0
"就好像国足一样
",-1,0,-1.0
"桂林电子科技大学：黑人遍地
",-1,0,-1.0
"眼光低
",-1,0,-1.0
"这个解释很西方化基督教化呀
",-1,0,-1.0
"为什么能这么长啊，怕不是假的吧
",-1,0,-1.0
"摩尔人这个梗可以！
",-1,0,-1.0
"很自豪？
",-1,0,-1.0
"杀了他
",-1,0,-1.0
"多结扎
",-1,0,-1.0
"该，你踏马活该
",-1,0,-1.0
"神经病，我也不会正面说一个黑人的坏话啊，但我内心不喜欢默
",0,1,1.0
"熟悉的剧情
",-1,0,-1.0
"讲真汉朝的汉服比较适合中国人自己穿，唐朝的汉服（唐装）是真的包容性超强，外国人和微胖穿起来也相当好看
",-1,0,-1.0
"都应该抓到工厂里
",-1,0,-1.0
"在非洲，这种纪律的部队，无敌
",1,1,0.0
"没有自知之明的东西
",-1,0,-1.0
"说实话，挺漂亮的
",-1,0,-1.0
"上的时间那个演员正好被爆出歧视一个亚裔，事情挺大，我们不愿意看歧视我们的人演的电影。
",1,1,0.0
"真的担心广州也被黑人毁了
",0,1,1.0
"谁认为？
",-1,0,-1.0
"害怕有一天很多人认同这种剧
",-1,0,-1.0
"放P
",-1,0,-1.0
"他们不存款，一旦破产就变流浪汉
",-1,0,-1.0
"尼口音
",0,1,1.0
"都来个死刑
",-1,0,-1.0
"资深嫖王
",-1,0,-1.0
"好！
",-1,0,-1.0
"精英人才
",-1,0,-1.0
"外家功练的可以，内家功零
",-1,0,-1.0
"你盲人看视频吗 没看见别人好好的吗？要你在这狗叫 管好你自己吧
",-1,0,-1.0
"地道
",-1,0,-1.0
"黑人本来就跑得快啊
",2,1,0.0
"不择手段呗为了赢
",-1,0,-1.0
"先不说进宫要不要验身了，光是问一下出处身家就不会让她进宫。她就走不到验身这个步骤。
",-1,0,-1.0
"你专业nm呢，就借个电话
",-1,0,-1.0
"绝对不可能
",-1,0,-1.0
"口区～～～～
",-1,0,-1.0
"我就是歧视，怎么了？
",0,1,1.0
"垃圾翻译
",-1,0,-1.0
"讽刺种族歧视敏感华，连“黑”这个词都不能在黑人面前提及提及
",1,1,0.0
"白搭
",-1,0,-1.0
"好有中国气质哇
",-1,0,-1.0
"叮当猫是你吗
",-1,0,-1.0
"我觉得所有非法进入中国境内的都需要遣返
",1,1,0.0
"黑虎捕食困小羊
",-1,0,-1.0
"打使劲打
",-1,0,-1.0
"6
",-1,0,-1.0
"似吗尼个
",0,1,1.0
"哈哈哈哈
",-1,0,-1.0
"说汤米的侠盗猎车手玩多了
",-1,0,-1.0
"情感纠纷
",-1,0,-1.0
"刚才有个白人哎
",-1,0,-1.0
"南京出妖孽
",-1,0,-1.0
"这是腕力协会的专业选手，。。。
",-1,0,-1.0
"power slap 扇对位置能直接ko对手 军队里会教
",-1,0,-1.0
"《hold on》
",-1,0,-1.0
"博卡萨？
",1,1,0.0
"老广噻
",-1,0,-1.0
"你先分清楚没见过好奇和歧视再来说吧
",-1,0,-1.0
"我们不做割礼，也不割头皮，也没有狐臭，谢谢
",0,1,1.0
"啥tm取向啊，墙头草
",-1,0,-1.0
"来威海找？
",-1,0,-1.0
"什么鬼东西！？
",-1,0,-1.0
"因为你是黑的
",0,1,1.0
"说到底是中国有些女人不自爱自重，自动倒贴、跪舔，自贱堕落
",0,1,1.0
"有一丢丢蛋蛋的幽默
",-1,0,-1.0
"不是防守出问题对面身体优势你只能收啊三分没办法
",-1,0,-1.0
"歧视吗
",-1,0,-1.0
"好
",-1,0,-1.0
"黑蜀黍会ak
",0,1,1.0
"疯狂喂食
",-1,0,-1.0
"跟悟空一个表情
",-1,0,-1.0
"银牌不能庆祝吗
",-1,0,-1.0
"非洲女性地位和印度差不多
",-1,0,-1.0
"点名批评是吧
",-1,0,-1.0
"哈哈哈哈哈哈哈
",-1,0,-1.0
"鹤拳。
",-1,0,-1.0
"非洲王子钱多多
",-1,0,-1.0
"壮哉我大祖国
",-1,0,-1.0
"说得没问题，就是不喜欢长得丑的“人”演美人鱼，没问题吧
",-1,0,-1.0
"很漂亮的两位小姐姐
",-1,0,-1.0
"广州本地人
",-1,0,-1.0
"是没见过外国人吗？
",-1,0,-1.0
"这素质在一帮非洲街溜子兵能做到碾压了~！
",-1,0,-1.0
"5
",-1,0,-1.0
"什么超现实，这是超时代，导演在预测未来呢
",-1,0,-1.0
"在快手刷到过这个人，还挺有意思的
",-1,0,-1.0
"敢称龙的传人？
",0,1,1.0
"求你不要回来
",1,1,0.0
"后面那女的是不是又要借钱
",-1,0,-1.0
"晕了
",-1,0,-1.0
"哈哈哈哈
",-1,0,-1.0
"飞飞很能吃
",-1,0,-1.0
"一拳超人
",-1,0,-1.0
"都好看
",-1,0,-1.0
"长安为中国选手加速
",-1,0,-1.0
"这bgm...
",-1,0,-1.0
"幼稚园杀手！
",-1,0,-1.0
"好！
",-1,0,-1.0
"以后还不能穿白衣服了，那么大面积的白
",-1,0,-1.0
"光宗耀祖
",0,1,1.0
"直接奈格，一击必杀
",-1,0,-1.0
"???
",-1,0,-1.0
"？
",-1,0,-1.0
"就是活该
",-1,0,-1.0
"怎么不涨粉啊
",-1,0,-1.0
"李黑是你吗？
",-1,0,-1.0
"西班牙
",-1,0,-1.0
"真光宗耀祖
",0,1,1.0
"前面的字都打错了……应该是拖平均智商后腿的存在吧……
",-1,0,-1.0
"丑的该死
",0,1,1.0
"奖金？？？？？？？？
",-1,0,-1.0
"因为他是黑人吧
",1,1,0.0
"不应该
",-1,0,-1.0
"我就是了，你们西方人能怎么着，都给劳资憋着！
",-1,0,-1.0
"這油......重複食用很環保
",-1,0,-1.0
"出口转内销
",-1,0,-1.0
"不说别的和速度，银河，天空之城同期上映，美人鱼确实往后排
",-1,0,-1.0
"？？？
",-1,0,-1.0
"直接建议学习18世纪
",-1,0,-1.0
"这是以色列人
",-1,0,-1.0
"白眼狼
",-1,0,-1.0
"猴呢
",-1,0,-1.0
"22223
",-1,0,-1.0
"灵魂在颤抖
",-1,0,-1.0
"这一张嘴就是妥妥的高中妹
",-1,0,-1.0
"Jazz
",-1,0,-1.0
"棋逢对手
",-1,0,-1.0
"男的估计北方人，看他到佛罗里达热的一匹
",-1,0,-1.0
"秦始皇时期还没有汉族 应该说他是属于华夏
",-1,0,-1.0
"哈哈
",-1,0,-1.0
"这个反拍是当时顶级了，现在也是能打的，可惜沈老师不珍惜，开始走原地踏步了
",-1,0,-1.0
"居然还真有人去掏票子了？
",-1,0,-1.0
"死了
",-1,0,-1.0
"华中师范大学哈哈哈哈哈哈哈哈
",-1,0,-1.0
"不到30亩
",-1,0,-1.0
"这是自建房
",-1,0,-1.0
"光宗耀祖
",0,1,1.0
"这小哥kn
",-1,0,-1.0
"洗脑了
",-1,0,-1.0
"俄亥俄州的路过。。。
",-1,0,-1.0
"??????
",-1,0,-1.0
"你不要过来啊~~~~~
",-1,0,-1.0
"名字都写拼音吗
",-1,0,-1.0
"亿些基因突变
",-1,0,-1.0
"中国人妥妥的
",-1,0,-1.0
"给鬼佬们说一声，成龙、李连杰、甄子丹都是中国功夫最差的，所以他们才去拍电影
",-1,0,-1.0
"二逼白左，笑死个人，你们完蛋了！
",0,1,1.0
"格罗瑞挺会化妆的
",-1,0,-1.0
"杀了它
",-1,0,-1.0
"很多很多
",-1,0,-1.0
"这是多少年前的视频了，起因是开头那两个黑人调戏他女朋友
",-1,0,-1.0
"哈哈哈，骂的好，傻*
",-1,0,-1.0
"笑死我了，就这样还往美国去？笑死我了，活该
",-1,0,-1.0
"义士！
",-1,0,-1.0
"说反了，仅仅小部分，我已经见过很多起被强迫威胁的女孩了
",-1,0,-1.0
"会抖!
",-1,0,-1.0
"这个n多年前的了
",-1,0,-1.0
"你非得祸害一个人呀
",-1,0,-1.0
"凶手又不是黑人，是白人的
",-1,0,-1.0
"演电影肯定爆红，新一代成龙巨星
",-1,0,-1.0
"跟我们村差不多
",-1,0,-1.0
"皇帝虽然妃子多，但是规矩更多。
",-1,0,-1.0
"下辈子别这么作践自己了
",-1,0,-1.0
"hhhhhh
",-1,0,-1.0
"他们脸也太大了吧，我们美白的时候谁知道他，搞笑
",-1,0,-1.0
"che？
",-1,0,-1.0
"这位朋友,你什么心理呀？人家只是泡泡水弄手上了罢了
",-1,0,-1.0
"哈哈哈哈
",-1,0,-1.0
"求求你别说幼儿园了等他们那天不用后期和调音再说吧
",-1,0,-1.0
"正视差距，咱们现在还不足以一人一个农具
",0,1,1.0
"费城不是加拿大首都吗
",-1,0,-1.0
"审讯开始
",-1,0,-1.0
"这是概率事件 你第一次安全第二次安全 不代表你第三次安全
",-1,0,-1.0
"哈哈哈哈哈哈哈哈哈哈哈哈
",-1,0,-1.0
"这问得真高傲
",-1,0,-1.0
"8号真的
",-1,0,-1.0
"艾滋病的由来了解下
",0,1,1.0
"不阔以
",-1,0,-1.0
"厉害
",-1,0,-1.0
"好打
",-1,0,-1.0
"血性男儿现在至少90岁了
",-1,0,-1.0
"有点可爱
",-1,0,-1.0
"没，太丑了提不起兴趣
",-1,0,-1.0
"为什么要终止是怕脏了他的手吗
",-1,0,-1.0
"建议迪士尼所有公主全是黑人 来一遍 挺好
",0,1,1.0
"美军不用办签证
",-1,0,-1.0
"跑去当了美国人，然后爱国情怀爆发
",-1,0,-1.0
"看着都恶心，这些个马桶，没脊梁骨。
",0,1,1.0
"5
",-1,0,-1.0
"这哪是中国女子，明明是非洲马桶
",0,1,1.0
"棉花地
",-1,0,-1.0
"小美人鱼，找了个小丑人鱼你说谁受得了
",0,1,1.0
"光宗耀祖
",0,1,1.0
"自己国家不管
",-1,0,-1.0
"日本矮是因为文化和饮食因素，现在他们没之前矮了！！！
",-1,0,-1.0
"看出来了，我和他打架应该有点费劲
",-1,0,-1.0
"¥
",-1,0,-1.0
"纯纯是因为不好看
",-1,0,-1.0
"肯定怕陌生人
",-1,0,-1.0
"离不开大diao了
",0,1,1.0
"连过两个防守
",-1,0,-1.0
"好好好
",-1,0,-1.0
"弹幕不说我都没意识到
",-1,0,-1.0
"打的好
",-1,0,-1.0
"她力量也喜欢啊
",-1,0,-1.0
"你是真的不懂内有乾坤那
",-1,0,-1.0
"那个
",-1,0,-1.0
"这女的挺色气的
",-1,0,-1.0
"滚回非洲吧
",0,1,1.0
"空降1.14
",-1,0,-1.0
"挺好该拍
",-1,0,-1.0
"非法移民让他们去接受他们的地方
",0,1,1.0
"这是什么梗
",-1,0,-1.0
"辛福个毛线，还不完的房贷，上不完班，关键天上班还是毛线没有
",-1,0,-1.0
"一个半小时9块钱，不贵了
",-1,0,-1.0
"好厚的牛肉
",-1,0,-1.0
"这哎呀妈呀说的好像钱多多
",-1,0,-1.0
"李黑
",-1,0,-1.0
"云宝？！！！
",-1,0,-1.0
"山大有光
",-1,0,-1.0
"名场面
",-1,0,-1.0
"别只盯着他一半黑人血统，怎么不说他有一半中国血统呢
",2,1,0.0
"@水果猎人杨晓洋
",-1,0,-1.0
"蔡徐坤
",-1,0,-1.0
"外地外国差异还是挺大的吧
",-1,0,-1.0
"广州队长
",-1,0,-1.0
"不喜欢！！！！
",-1,0,-1.0
"我穿越了吗，今天5月26日。。。。。
",-1,0,-1.0
"广东有被冒犯
",-1,0,-1.0
"360万了
",-1,0,-1.0
"先不说主角，那几个配角都被改的奇奇怪怪
",-1,0,-1.0
"应该是外貌主义者
",-1,0,-1.0
"好球
",-1,0,-1.0
"哈哈  苏联吗？
",-1,0,-1.0
"开口就蚌埠住了
",-1,0,-1.0
"4
",-1,0,-1.0
"我坦白，我歧视
",0,1,1.0
"蒸馍？你不福气？
",-1,0,-1.0
"好厉害
",-1,0,-1.0
"红旗颂又来了
",-1,0,-1.0
"会这样觉得是因为他们的文化更离谱
",-1,0,-1.0
"不能同化的，真爱的可以一起去非洲，支持他们去非洲爱
",1,1,0.0
"苏联:这我可太熟了
",-1,0,-1.0
"活该
",-1,0,-1.0
"唉演员
",-1,0,-1.0
"我为什么只看到一口牙
",-1,0,-1.0
"还真是
",-1,0,-1.0
"情比金坚锁🔒
",-1,0,-1.0
"一看就是中国人开的
",-1,0,-1.0
"（重点：母亲均是中国姑娘）都是广东小伙是吗
",-1,0,-1.0
"哈哈哈哈哈哈
",-1,0,-1.0
"我不当人了
",-1,0,-1.0
"喝多了
",-1,0,-1.0
"滚吧
",0,1,1.0
"都是黑人发起的，真的恶心
",0,1,1.0
"跑的比我1km都快
",-1,0,-1.0
"好家伙，炸饭，上一次看到家人拿米来炸还是做米花
",-1,0,-1.0
"沦为？？？
",-1,0,-1.0
"很喜欢伴奏
",-1,0,-1.0
"奥迪
",-1,0,-1.0
"好
",-1,0,-1.0
"就是天津人在讲故事
",-1,0,-1.0
"有毒hhhhhhhh
",-1,0,-1.0
"是的呢
",-1,0,-1.0
"这是哪里？
",-1,0,-1.0
"还是，太年轻，说个话都扭来扭去
",-1,0,-1.0
"床前明月光，疑是地上霜
",-1,0,-1.0
"硬核说唱天花板
",-1,0,-1.0
"我很好奇你在非洲这么穷的地方一年能赚多少钱
",-1,0,-1.0
"引战！引战！引战！
",-1,0,-1.0
"撒贝宁：是谁在窥视我媳妇儿(｡•ˇ‸ˇ•｡)
",-1,0,-1.0
"印尼？
",-1,0,-1.0
"别紧张别紧张
",-1,0,-1.0
"不喜欢黑人
",0,1,1.0
"没有?
",-1,0,-1.0
"挺好挺好，哈哈哈哈
",-1,0,-1.0
"哈哈哈哈哈哈哈哈
",-1,0,-1.0
"3
",-1,0,-1.0
"知道说的小康却还有那么多的穷苦人民吗？
",-1,0,-1.0
"此时我愿尊称对方一声黑人兄弟
",2,1,0.0
"“玩”
",-1,0,-1.0
"这男的一直面无表情
",-1,0,-1.0
"艾就一个滋
",0,1,1.0
"这是人的名，哈哈
",-1,0,-1.0
"白求恩的精神
",2,1,0.0
"小贝
",-1,0,-1.0
"全部曹飞！
",-1,0,-1.0
"知己知彼才能百战百胜
",-1,0,-1.0
"好好玩
",-1,0,-1.0
"干的好，请继续作死
",-1,0,-1.0
"前面的你给我一个歧视他们的理由
",-1,0,-1.0
"明月几时有？把酒问青天。不知天上宫阙，今夕是何年。我欲乘风归去，又恐琼楼玉宇，高处不胜寒。起舞弄清影，何似在人间
",-1,0,-1.0
"哈哈哈哈哈哈哈哈哈哈哈哈哈哈哈哈哈哈哈哈哈哈哈哈哈哈哈哈哈哈哈哈哈哈哈哈哈哈哈哈哈哈哈哈哈哈哈哈哈哈哈哈哈哈哈哈哈哈哈哈哈哈哈哈
",-1,0,-1.0
"也就是说他一拳下去我胳膊就断了？
",-1,0,-1.0
"哈哈哈哈哈
",-1,0,-1.0
"已经有100多万了 
",-1,0,-1.0
"飞虎队啥时候有黑人了
",1,1,0.0
"你但凡是正常的外国人我们何必排挤你？我们又不是什么垃圾都收的，正常来中国留学工作旅游都是欢迎的
",1,1,0.0
"《戴拿》
",-1,0,-1.0
"中国毕业生就业难就是他们造成的
",0,1,1.0
"我直说了，我讨厌它们，它们所有，不管分不分好坏
",0,1,1.0
"可笑
",-1,0,-1.0
"o▬▬◙▆▅▆▆▇▇◤
",-1,0,-1.0
"感情纠纷，散了散了
",-1,0,-1.0
"祝幸福
",-1,0,-1.0
"？？？？
",-1,0,-1.0
"光宗耀祖，
",-1,0,-1.0
"滚
",-1,0,-1.0
"我们隔着屏幕也爆了。
",-1,0,-1.0
"谁不其实黑人，我其实他
",0,1,1.0
"比如赤木刚宪
",-1,0,-1.0
"感觉他什么都不懂
",-1,0,-1.0
"礼仪之邦
",-1,0,-1.0
"爽
",-1,0,-1.0
"你从哪听出这个含义的？
",-1,0,-1.0
"这个装的！！！
",-1,0,-1.0
"这是
",-1,0,-1.0
"中文6的起飞了
",-1,0,-1.0
"好搞笑，好活多整
",-1,0,-1.0
"这头发，我吐了
",-1,0,-1.0
"连大爷都打不过（dogs）
",-1,0,-1.0
"中国部分女人真的没救了
",-1,0,-1.0
"前面的你来告诉我  怎么暂停听BGM??
",-1,0,-1.0
"离大谱了真的是、、、、
",-1,0,-1.0
"万恶之源
",-1,0,-1.0
"日常夸夸
",-1,0,-1.0
"观众爱看啥都要说？
",-1,0,-1.0
"应该规定入境后不得丢失护照否则判刑
",-1,0,-1.0
"哈哈哈哈哈哈
",-1,0,-1.0
"前面说丑的请滚蛋好吗！
",-1,0,-1.0
